-- MySQL dump 10.13  Distrib 8.0.41, for Win64 (x86_64)
--
-- Host: 127.0.0.1    Database: psicoapp
-- ------------------------------------------------------
-- Server version	8.4.4

/*!40101 SET @OLD_CHARACTER_SET_CLIENT=@@CHARACTER_SET_CLIENT */;
/*!40101 SET @OLD_CHARACTER_SET_RESULTS=@@CHARACTER_SET_RESULTS */;
/*!40101 SET @OLD_COLLATION_CONNECTION=@@COLLATION_CONNECTION */;
/*!50503 SET NAMES utf8 */;
/*!40103 SET @OLD_TIME_ZONE=@@TIME_ZONE */;
/*!40103 SET TIME_ZONE='+00:00' */;
/*!40014 SET @OLD_UNIQUE_CHECKS=@@UNIQUE_CHECKS, UNIQUE_CHECKS=0 */;
/*!40014 SET @OLD_FOREIGN_KEY_CHECKS=@@FOREIGN_KEY_CHECKS, FOREIGN_KEY_CHECKS=0 */;
/*!40101 SET @OLD_SQL_MODE=@@SQL_MODE, SQL_MODE='NO_AUTO_VALUE_ON_ZERO' */;
/*!40111 SET @OLD_SQL_NOTES=@@SQL_NOTES, SQL_NOTES=0 */;

--
-- Table structure for table `answers`
--

DROP TABLE IF EXISTS `answers`;
/*!40101 SET @saved_cs_client     = @@character_set_client */;
/*!50503 SET character_set_client = utf8mb4 */;
CREATE TABLE `answers` (
  `id` bigint NOT NULL AUTO_INCREMENT,
  `question_id` bigint NOT NULL,
  `text` varchar(500) COLLATE utf8mb4_unicode_ci NOT NULL,
  `value` int DEFAULT NULL,
  `position` int NOT NULL,
  `is_correct` tinyint(1) DEFAULT '0',
  PRIMARY KEY (`id`),
  KEY `question_id` (`question_id`),
  CONSTRAINT `answers_ibfk_1` FOREIGN KEY (`question_id`) REFERENCES `questions` (`id`) ON DELETE CASCADE
) ENGINE=InnoDB AUTO_INCREMENT=1115 DEFAULT CHARSET=utf8mb4 COLLATE=utf8mb4_unicode_ci;
/*!40101 SET character_set_client = @saved_cs_client */;

--
-- Dumping data for table `answers`
--

LOCK TABLES `answers` WRITE;
/*!40000 ALTER TABLE `answers` DISABLE KEYS */;
INSERT INTO `answers` VALUES (206,52,'Siempre',5,1,0),(207,52,'Casi siempre',4,2,0),(208,52,'A veces',3,3,0),(209,52,'Alguna vez',2,4,0),(210,52,'Nunca',1,5,0),(211,53,'Siempre',5,1,0),(212,53,'Casi siempre',4,2,0),(213,53,'A veces',3,3,0),(214,53,'Alguna vez',2,4,0),(215,53,'Nunca',1,5,0),(216,54,'Siempre',5,1,0),(217,54,'Casi siempre',4,2,0),(218,54,'A veces',3,3,0),(219,54,'Alguna vez',2,4,0),(220,54,'Nunca',1,5,0),(221,55,'Siempre',5,1,0),(222,55,'Casi siempre',4,2,0),(223,55,'A veces',3,3,0),(224,55,'Alguna vez',2,4,0),(225,55,'Nunca',1,5,0),(226,56,'Siempre',5,1,0),(227,56,'Casi siempre',4,2,0),(228,56,'A veces',3,3,0),(229,56,'Alguna vez',2,4,0),(230,56,'Nunca',1,5,0),(231,57,'Siempre',5,1,0),(232,57,'Casi siempre',4,2,0),(233,57,'A veces',3,3,0),(234,57,'Alguna vez',2,4,0),(235,57,'Nunca',1,5,0),(236,58,'Siempre',5,1,0),(237,58,'Casi siempre',4,2,0),(238,58,'A veces',3,3,0),(239,58,'Alguna vez',2,4,0),(240,58,'Nunca',1,5,0),(241,59,'Siempre',5,1,0),(242,59,'Casi siempre',4,2,0),(243,59,'A veces',3,3,0),(244,59,'Alguna vez',2,4,0),(245,59,'Nunca',1,5,0),(246,60,'Siempre',5,1,0),(247,60,'Casi siempre',4,2,0),(248,60,'A veces',3,3,0),(249,60,'Alguna vez',2,4,0),(250,60,'Nunca',1,5,0),(251,61,'Siempre',5,1,0),(252,61,'Casi siempre',4,2,0),(253,61,'A veces',3,3,0),(254,61,'Alguna vez',2,4,0),(255,61,'Nunca',1,5,0),(256,62,'Siempre',5,1,0),(257,62,'Casi siempre',4,2,0),(258,62,'A veces',3,3,0),(259,62,'Alguna vez',2,4,0),(260,62,'Nunca',1,5,0),(261,63,'Siempre',5,1,0),(262,63,'Casi siempre',4,2,0),(263,63,'A veces',3,3,0),(264,63,'Alguna vez',2,4,0),(265,63,'Nunca',1,5,0),(266,64,'Siempre',5,1,0),(267,64,'Casi siempre',4,2,0),(268,64,'A veces',3,3,0),(269,64,'Alguna vez',2,4,0),(270,64,'Nunca',1,5,0),(271,65,'Siempre',5,1,0),(272,65,'Casi siempre',4,2,0),(273,65,'A veces',3,3,0),(274,65,'Alguna vez',2,4,0),(275,65,'Nunca',1,5,0),(276,66,'Siempre',5,1,0),(277,66,'Casi siempre',4,2,0),(278,66,'A veces',3,3,0),(279,66,'Alguna vez',2,4,0),(280,66,'Nunca',1,5,0),(281,67,'Siempre',5,1,0),(282,67,'Casi siempre',4,2,0),(283,67,'A veces',3,3,0),(284,67,'Alguna vez',2,4,0),(285,67,'Nunca',1,5,0),(286,68,'Siempre',5,1,0),(287,68,'Casi siempre',4,2,0),(288,68,'A veces',3,3,0),(289,68,'Alguna vez',2,4,0),(290,68,'Nunca',1,5,0),(291,69,'Siempre',5,1,0),(292,69,'Casi siempre',4,2,0),(293,69,'A veces',3,3,0),(294,69,'Alguna vez',2,4,0),(295,69,'Nunca',1,5,0),(296,70,'Siempre',5,1,0),(297,70,'Casi siempre',4,2,0),(298,70,'A veces',3,3,0),(299,70,'Alguna vez',2,4,0),(300,70,'Nunca',1,5,0),(301,71,'Siempre',5,1,0),(302,71,'Casi siempre',4,2,0),(303,71,'A veces',3,3,0),(304,71,'Alguna vez',2,4,0),(305,71,'Nunca',1,5,0),(306,72,'Siempre',5,1,0),(307,72,'Casi siempre',4,2,0),(308,72,'A veces',3,3,0),(309,72,'Alguna vez',2,4,0),(310,72,'Nunca',1,5,0),(316,74,'Siempre',5,1,0),(317,74,'Casi siempre',4,2,0),(318,74,'A veces',3,3,0),(319,74,'Alguna vez',2,4,0),(320,74,'Nunca',1,5,0),(321,75,'Siempre',5,1,0),(322,75,'Casi siempre',4,2,0),(323,75,'A veces',3,3,0),(324,75,'Alguna vez',2,4,0),(325,75,'Nunca',1,5,0),(326,76,'Siempre',5,1,0),(327,76,'Casi siempre',4,2,0),(328,76,'A veces',3,3,0),(329,76,'Alguna vez',2,4,0),(330,76,'Nunca',1,5,0),(331,77,'Siempre',5,1,0),(332,77,'Casi siempre',4,2,0),(333,77,'A veces',3,3,0),(334,77,'Alguna vez',2,4,0),(335,77,'Nunca',1,5,0),(336,78,'Siempre',5,1,0),(337,78,'Casi siempre',4,2,0),(338,78,'A veces',3,3,0),(339,78,'Alguna vez',2,4,0),(340,78,'Nunca',1,5,0),(341,79,'Ansiedad / estrés / nervios',NULL,1,0),(342,79,'Estado de ánimo bajo / depresión',NULL,2,0),(343,79,'Problemas de autoestima / confianza',NULL,3,0),(344,79,'Problemas de pareja',NULL,4,0),(345,79,'Dificultades familiares',NULL,5,0),(346,79,'Duelos o pérdidas',NULL,6,0),(347,79,'Problemas laborales / burnout',NULL,7,0),(348,79,'Problemas relacionados con estudios / oposiciones',NULL,8,0),(349,79,'Dificultades sociales',NULL,9,0),(350,79,'Problemas con la gestión de la ira',NULL,10,0),(351,79,'Dificultad para concentrarte / TDAH (diagnosticado o no)',NULL,11,0),(352,79,'Terapia para menores',NULL,12,0),(353,79,'Otro (especificar)',NULL,13,0),(354,80,'Hombre',NULL,1,0),(355,80,'Mujer',NULL,2,0),(356,80,'Me es indiferente',NULL,3,0),(357,81,'Que sea muy empático y cercano',NULL,1,0),(358,81,'Que sea directo y vaya al grano',NULL,2,0),(359,81,'Que me dé herramientas prácticas desde el principio',NULL,3,0),(360,81,'Que profundice en mis emociones',NULL,4,0),(361,81,'Que tenga mucha experiencia',NULL,5,0),(362,81,'Me es indiferente',NULL,6,0),(363,82,'Muy en desacuerdo',1,1,0),(364,82,'Algo en desacuerdo',2,2,0),(365,82,'Ni de acuerdo ni en desacuerdo',3,3,0),(366,82,'Algo de acuerdo',4,4,0),(367,82,'Muy de acuerdo',5,5,0),(368,83,'Muy en desacuerdo',1,1,0),(369,83,'Algo en desacuerdo',2,2,0),(370,83,'Ni de acuerdo ni en desacuerdo',3,3,0),(371,83,'Algo de acuerdo',4,4,0),(372,83,'Muy de acuerdo',5,5,0),(373,84,'Muy en desacuerdo',1,1,0),(374,84,'Algo en desacuerdo',2,2,0),(375,84,'Ni de acuerdo ni en desacuerdo',3,3,0),(376,84,'Algo de acuerdo',4,4,0),(377,84,'Muy de acuerdo',5,5,0),(378,85,'Muy en desacuerdo',1,1,0),(379,85,'Algo en desacuerdo',2,2,0),(380,85,'Ni de acuerdo ni en desacuerdo',3,3,0),(381,85,'Algo de acuerdo',4,4,0),(382,85,'Muy de acuerdo',5,5,0),(383,86,'Sí',NULL,1,0),(384,86,'No',NULL,2,0),(385,87,'Muy positiva',NULL,1,0),(386,87,'Positiva',NULL,2,0),(387,87,'Neutra',NULL,3,0),(388,87,'Algo negativa',NULL,4,0),(389,87,'Muy negativa',NULL,5,0),(390,87,'No he ido antes / Prefiero no responder',NULL,6,0),(391,88,'Mañanas entre semana',NULL,1,0),(392,88,'Tardes entre semana',NULL,2,0),(393,88,'Noches entre semana',NULL,3,0),(394,88,'Fines de semana',NULL,4,0),(395,88,'Me adapto',NULL,5,0),(396,89,'Una vez por semana',NULL,1,0),(397,89,'Cada 2 semanas',NULL,2,0),(398,89,'No lo sé todavía',NULL,3,0),(399,90,'Menos de 30€',NULL,1,0),(400,90,'30–40€',NULL,2,0),(401,90,'40–50€',NULL,3,0),(402,90,'50–60€',NULL,4,0),(403,90,'Más de 60€',NULL,5,0),(404,90,'Me da igual si el profesional encaja bien conmigo',NULL,6,0),(405,91,'Muy urgente (quiero sesión esta semana)',NULL,1,0),(406,91,'Moderada (próximos 7–10 días)',NULL,2,0),(407,91,'Baja (cuando haya hueco)',NULL,3,0),(408,93,'Prefiero terapia en español',NULL,1,0),(409,93,'Prefiero terapia en inglés',NULL,2,0),(410,93,'Me da igual',NULL,3,0),(411,93,'Busco alguien con sensibilidad cultural específica (especificar)',NULL,4,0),(412,95,'Si',0,1,0),(413,95,'No estoy seguro',0,2,0),(414,95,'No',0,3,0),(415,96,'Si',0,1,0),(416,96,'No estoy seguro',0,2,0),(417,96,'No',0,3,0),(418,97,'Algo',0,1,0),(419,97,'Nada',1,2,0),(420,97,'Mucho',0,3,0),(421,98,'Siempre',2,1,0),(422,98,'Frecuentemente',1,2,0),(423,98,'Raras veces',0,3,0),(424,99,'Si',0,1,0),(425,99,'Algunas veces',1,2,0),(426,99,'No',2,3,0),(427,100,'Generamente',2,1,0),(428,100,'Algunas veces',1,2,0),(429,100,'Nunca',0,3,0),(430,101,'Verdadero',0,1,0),(431,101,'No estoy seguro',1,2,0),(432,101,'Falso',2,3,0),(433,102,'Les dejos solucionar sus problemas',0,1,0),(434,102,'No estoy seguro',1,2,0),(435,102,'Razono con ellos la solución',2,3,0),(436,103,'Facilmente soy de los que toman iniciativas',2,1,0),(437,103,'Intervengo algunas veces',1,2,0),(438,103,'Prefiero quedarme tranquilamente a distancia',0,3,0),(439,104,'Ingeniero de la construcción',0,1,0),(440,104,'No estoy seguro entre los dos',1,2,0),(441,104,'Escritor de teatro',2,3,0),(442,105,'Si',0,1,0),(443,105,'Término medio',1,2,0),(444,105,'No',2,3,0),(445,106,'Verdadero',0,1,0),(446,106,'Término medio',1,2,0),(447,106,'Falso',2,3,0),(448,107,'Si',0,1,0),(449,107,'No estoy seguro',1,2,0),(450,107,'No',2,3,0),(451,108,'Si',2,1,0),(452,108,'Término medio',1,2,0),(453,108,'No',0,3,0),(454,109,'No me siento culpable',2,1,0),(455,109,'Término medio',1,2,0),(456,109,'Todavía me siento un poco culpable',0,3,0),(457,110,'Si',2,1,0),(458,110,'No estoy seguro',1,2,0),(459,110,'No',0,3,0),(460,111,'Si',0,1,0),(461,111,'Término medio',1,2,0),(462,111,'No',2,3,0),(463,112,'Verdadero',0,1,0),(464,112,'No estoy seguro',1,2,0),(465,112,'Falso',2,3,0),(466,113,'Si',0,1,0),(467,113,'Término medio',1,2,0),(468,113,'No',2,3,0),(469,114,'En un barrio con vida social',2,1,0),(470,114,'Término medio',1,2,0),(471,114,'Aislada en el bosque',0,3,0),(472,115,'El cocinero de un buen restaurante',0,1,0),(473,115,'No estoy seguro entre ambos',1,2,0),(474,115,'El que sirve mesas en el restaurante',2,3,0),(475,116,'Sonreir',0,1,0),(476,116,'Tener éxito',1,2,0),(477,116,'Ser feliz',0,3,0),(478,117,'Si',0,1,0),(479,117,'No estoy seguro',1,2,0),(480,117,'No',2,3,0),(481,118,'Sólo después de muchas discusiones',0,1,0),(482,118,'Término medio',1,2,0),(483,118,'Inmediatamente',2,3,0),(484,119,'Si',2,1,0),(485,119,'No estoy seguro',1,2,0),(486,119,'No',0,3,0),(487,120,'Más de una vez por semana (más de lo corriente)',2,1,0),(488,120,'Alrededor de una vez por semana (lo corriente)',1,2,0),(489,120,'Menos de una vez por semana (menos de lo corriente)',0,3,0),(490,121,'Lo acepto simplemente',0,1,0),(491,121,'Término medio',1,2,0),(492,121,'Me disgusta y me fastidia',2,3,0),(493,122,'Si',0,1,0),(494,122,'Término medio',1,2,0),(495,122,'No',2,3,0),(496,123,'Verdadero',2,1,0),(497,123,'No estoy seguro',1,2,0),(498,123,'Falso',0,3,0),(499,124,'Si',2,1,0),(500,124,'Algunas vees',1,2,0),(501,124,'No',0,3,0),(502,125,'De acuerdo',0,1,0),(503,125,'No estoy seguro',1,2,0),(504,125,'En desacuerdo',2,3,0),(505,126,'Sólo si es necesario',2,1,0),(506,126,'Término medio',1,2,0),(507,126,'Facilmente, siempre que tengo ocasión',0,3,0),(508,127,'Verdadero',2,1,0),(509,127,'Término medio',1,2,0),(510,127,'Falso',0,3,0),(511,128,'Aprovecho la ocasión para pedirle algo que deseo',0,1,0),(512,128,'Término medio',1,2,0),(513,128,'Temo haber hecho algo malo',2,3,0),(514,129,'El corazón',0,1,0),(515,129,'Los sentimientos y la razón pr igual',1,2,0),(516,129,'La cabeza',2,3,0),(517,130,'Algunas veces',2,1,0),(518,130,'A menudo',1,2,0),(519,130,'La mayoría de las veces',0,3,0),(520,131,'Decir las cosas tal y como se me ocurre',0,1,0),(521,131,'Término medio',1,2,0),(522,131,'Organizar antes mis ideas',2,3,0),(523,132,'Si',2,1,0),(524,132,'Término medio',1,2,0),(525,132,'No',0,3,0),(526,133,'Sólo en pocas ocasiones',0,1,0),(527,133,'Varias veces',1,2,0),(528,133,'Muchas veces',2,3,0),(529,134,'Vela',0,1,0),(530,134,'Luna',1,2,0),(531,134,'Luz eléctrica',0,3,0),(532,135,'Valeroso',0,1,0),(533,135,'Ansioso',0,2,0),(534,135,'Terrible',1,3,0),(535,136,'Verdadero',0,1,0),(536,136,'No estoy seguro',1,2,0),(537,136,'Falso',2,3,0),(538,137,'Verdadero',0,1,0),(539,137,'Término medio',1,2,0),(540,137,'Falso',2,3,0),(541,138,'Si',0,1,0),(542,138,'Término medio',1,2,0),(543,138,'No',2,3,0),(544,139,'Verdadero',2,1,0),(545,139,'No estoy seguro',1,2,0),(546,139,'Falso',0,3,0),(547,140,'Verdadero',0,1,0),(548,140,'No estoy seguro',1,2,0),(549,140,'Falso',2,3,0),(550,141,'Si',2,1,0),(551,141,'Término medio',1,2,0),(552,141,'No',0,3,0),(553,142,'La música',2,1,0),(554,142,'No estoy seguro',1,2,0),(555,142,'La actividad de tipo manual',0,3,0),(556,143,'Intento calmarle',0,1,0),(557,143,'No estoy seguro',1,2,0),(558,143,'Me irrito con él',2,3,0),(559,144,'Ayudar a sus hijos a desarrollarse afectivamente',2,1,0),(560,144,'Término medio',1,2,0),(561,144,'Enseñarles a controlar sus emociones',0,3,0),(562,145,'Si',0,1,0),(563,145,'Término medio',1,2,0),(564,145,'No',2,3,0),(565,146,'Muy raramente',0,1,0),(566,146,'Término medio',1,2,0),(567,146,'Muy a menudo',2,3,0),(568,147,'Si',2,1,0),(569,147,'Término medio',1,2,0),(570,147,'No',0,3,0),(571,148,'Ciudadanos más sensatos y constantes',0,1,0),(572,148,'No estoy seguro',1,2,0),(573,148,'Más idealistas con proyectos para un mundo mejor',2,3,0),(574,149,'Si',2,1,0),(575,149,'No estoy seguro',1,2,0),(576,149,'No',0,3,0),(577,150,'Sí',2,1,0),(578,150,'Término medio',1,2,0),(579,150,'No',0,3,0),(580,151,'Si',2,1,0),(581,151,'Término medio',1,2,0),(582,151,'No',0,3,0),(583,152,'Guarda forestal',0,1,0),(584,152,'No estoy seguro',1,2,0),(585,152,'Profesor de Enseñanza Media',2,3,0),(586,153,'3/7',0,1,0),(587,153,'3/9',1,2,0),(588,153,'3/11',0,3,0),(589,154,'Prisión',0,1,0),(590,154,'Castigo',0,2,0),(591,154,'Robo',1,3,0),(592,155,'Verdadero',2,1,0),(593,155,'No estoy seguro',1,2,0),(594,155,'Falso',0,3,0),(595,156,'Si',2,1,0),(596,156,'No estoy seguro',1,2,0),(597,156,'No',0,3,0),(598,157,'Sí',0,1,0),(599,157,'No estoy seguro',1,2,0),(600,157,'No',2,3,0),(601,158,'Verdadero',0,1,0),(602,158,'No estoy seguro',1,2,0),(603,158,'Falso',2,3,0),(604,159,'Sí',0,1,0),(605,159,'Término medio',1,2,0),(606,159,'No',2,3,0),(607,160,'Si',0,1,0),(608,160,'Término medio',1,2,0),(609,160,'No',2,3,0),(610,161,'Si',0,1,0),(611,161,'Término medio',1,2,0),(612,161,'No',2,3,0),(613,162,'Verdadero',0,1,0),(614,162,'No estoy seguro',1,2,0),(615,162,'Falso',2,3,0),(616,163,'Intentar mejorar los preparativos',2,1,0),(617,163,'Término medio',1,2,0),(618,163,'Llevar las actas o registros y procurar que se cumplan las normas',0,3,0),(619,164,'Si',2,1,0),(620,164,'Término medio',1,2,0),(621,164,'No',0,3,0),(622,165,'No me importa nada',0,1,0),(623,165,'Término medio',1,2,0),(624,165,'Me siento abatido',2,3,0),(625,166,'Si',2,1,0),(626,166,'No estoy seguro',1,2,0),(627,166,'No',0,3,0),(628,167,'Verdadero',2,1,0),(629,167,'No estoy seguro',1,2,0),(630,167,'Falso',0,3,0),(631,168,'Discutir los acontecimientos con la gente',0,1,0),(632,168,'Término medio',1,2,0),(633,168,'Apoyarme en las informaciones periodísticas de actualidad',2,3,0),(634,169,'Verdadero',2,1,0),(635,169,'No estoy seguro',1,2,0),(636,169,'Falso',0,3,0),(637,170,'A menudo',2,1,0),(638,170,'Ocasionalmente',1,2,0),(639,170,'Nunca',0,3,0),(640,171,'Me gusta hacer regalos personales',2,1,0),(641,171,'No estoy seguro',1,2,0),(642,171,'Pienso que comprar regalos es un poco latoso',0,3,0),(643,172,'qp',0,1,0),(644,172,'pq',1,2,0),(645,172,'tu',0,3,0),(646,173,'Mayor',0,1,0),(647,173,'Óptimo',0,2,0),(648,173,'Máximo',1,3,0),(649,174,'Muy rara vez',2,1,0),(650,174,'Ocasionalmente',1,2,0),(651,174,'Muchas veces',0,3,0),(652,175,'Verdadero',0,1,0),(653,175,'Término medio',1,2,0),(654,175,'Falso',2,3,0),(655,176,'Si',2,1,0),(656,176,'Término medio',1,2,0),(657,176,'No',0,3,0),(658,177,'Intento organizarme antes de que aparezcan',2,1,0),(659,177,'Término medio',1,2,0),(660,177,'Doy por supuesto que puedo dominarlas cuando vengan',0,3,0),(661,178,'Si',0,1,0),(662,178,'Término medio',1,2,0),(663,178,'No',2,3,0),(664,179,'Muy frecuentemente',0,1,0),(665,179,'Ocasionalmente',1,2,0),(666,179,'Casi nunca',2,3,0),(667,180,'Una narración realista de contiendas militares o políticas',0,1,0),(668,180,'No estoy seguro',1,2,0),(669,180,'Un novela imaginativa y delicada',2,3,0),(670,181,'si',2,1,0),(671,181,'Término medio',1,2,0),(672,181,'No',0,3,0),(673,182,'Si',2,1,0),(674,182,'Término medio',1,2,0),(675,182,'No',0,3,0),(676,183,'Si',0,1,0),(677,183,'Término medio',1,2,0),(678,183,'No',2,3,0),(679,184,'Si',2,1,0),(680,184,'Término medio',1,2,0),(681,184,'No',0,3,0),(682,185,'Mantenía mi opinión',2,1,0),(683,185,'Término medio',1,2,0),(684,185,'Aceptaba su autoridad',0,3,0),(685,186,'Si',0,1,0),(686,186,'Término medio',1,2,0),(687,186,'No',2,3,0),(688,187,'Verdadero',2,1,0),(689,187,'Término medio',1,2,0),(690,187,'Falso',0,3,0),(691,188,'A menudo',0,1,0),(692,188,'Algunas veces',1,2,0),(693,188,'Nunca',2,3,0),(694,189,'Si',0,1,0),(695,189,'Término medio',1,2,0),(696,189,'No',2,3,0),(697,190,'Trabajar sobre él en el laboratorio',0,1,0),(698,190,'No estoy seguro',1,2,0),(699,190,'Venderlo a la gente',2,3,0),(700,191,'OXXX',0,1,0),(701,191,'OOXX',1,2,0),(702,191,'XOOO',0,3,0),(703,192,'Verdadero',0,1,0),(704,192,'No estoy seguro',1,2,0),(705,192,'Falso',2,3,0),(706,193,'A menudo',0,1,0),(707,193,'Ocasionalmente',1,2,0),(708,193,'Nunca',2,3,0),(709,194,'Si',0,1,0),(710,194,'Término medio',1,2,0),(711,194,'No',2,3,0),(712,195,'Si',2,1,0),(713,195,'Término medio',1,2,0),(714,195,'No',0,3,0),(715,196,'Si',2,1,0),(716,196,'Término medio',1,2,0),(717,196,'No',0,3,0),(718,197,'Si',0,1,0),(719,197,'Término medio',1,2,0),(720,197,'No',2,3,0),(721,198,'Verdadero',2,1,0),(722,198,'No estoy seguro',1,2,0),(723,198,'Falso',0,3,0),(724,199,'Orientador vocacional para ayudar a los jóvenes en la búsqueda de su profesión',2,1,0),(725,199,'No estoy seguro',1,2,0),(726,199,'Directivo de una empresa industrial',0,3,0),(727,200,'Verdadero',0,1,0),(728,200,'Término medio',1,2,0),(729,200,'Falso',2,3,0),(730,201,'Si',2,1,0),(731,201,'Término medio',1,2,0),(732,201,'No',0,3,0),(733,202,'Verdadero',0,1,0),(734,202,'No estoy seguro',1,2,0),(735,202,'Falso',2,3,0),(736,203,'A menudo',2,1,0),(737,203,'Ocasionalmente',1,2,0),(738,203,'Nunca',0,3,0),(739,204,'Un determinado sueldo fijo',0,1,0),(740,204,'Término medio',1,2,0),(741,204,'Un sueldo más alto pero siempre que demuestre a los demás que lo merezco',2,3,0),(742,205,'Mucho',0,1,0),(743,205,'Algo',1,2,0),(744,205,'Nada en absoluto',2,3,0),(745,206,'Si',0,1,0),(746,206,'Término medio',1,2,0),(747,206,'No',2,3,0),(748,207,'Si',2,1,0),(749,207,'Término medio',1,2,0),(750,207,'No',0,3,0),(751,208,'Si',0,1,0),(752,208,'Término medio',1,2,0),(753,208,'No',2,3,0),(754,209,'Atendiento a los clientes',2,1,0),(755,209,'Término medio',1,2,0),(756,209,'Llevando la cuentas o los archivos',0,3,0),(757,210,'Cortar',1,1,0),(758,210,'Afilar',0,2,0),(759,210,'Picar',0,3,0),(760,211,'Me quedo tan tranquilo',2,1,0),(761,211,'Término medio',1,2,0),(762,211,'La menosprecio',0,3,0),(763,212,'Puedo concentrarme en ella sin que me molesten',2,1,0),(764,212,'Término medio',1,2,0),(765,212,'Eso me impide disfrutar de ello y me incomoda',0,3,0),(766,213,'Comedido y reposado',0,1,0),(767,213,'Término medio',1,2,0),(768,213,'Enérgico',2,3,0),(769,214,'Verdadero',0,1,0),(770,214,'No estoy seguro',1,2,0),(771,214,'Falso',2,3,0),(772,215,'Algunas veces',0,1,0),(773,215,'Casi nunca',1,2,0),(774,215,'Nunca',2,3,0),(775,216,'Si',2,1,0),(776,216,'Término medio',1,2,0),(777,216,'No',0,3,0),(778,217,'Si',2,1,0),(779,217,'Término medio',1,2,0),(780,217,'No',0,3,0),(781,218,'Ligera, movida y animada',0,1,0),(782,218,'Término medio',1,2,0),(783,218,'Emotiva y sentimental',2,3,0),(784,219,'Si',2,1,0),(785,219,'Término medio',1,2,0),(786,219,'No',0,3,0),(787,220,'Leer algo profundo pero interesante',2,1,0),(788,220,'No estoy seguro',1,2,0),(789,220,'Pasando el tiempo charlando sobre cualquier cosa con un  compañero de viaje',0,3,0),(790,221,'Si',0,1,0),(791,221,'Término medio',1,2,0),(792,221,'No',2,3,0),(793,222,'Si',2,1,0),(794,222,'Término medio',1,2,0),(795,222,'No',0,3,0),(796,223,'Si',0,1,0),(797,223,'Término medio',1,2,0),(798,223,'No',2,3,0),(799,224,'En equipo',0,1,0),(800,224,'No estoy seguro',1,2,0),(801,224,'Yo solo',2,3,0),(802,225,'Si',2,1,0),(803,225,'No estoy seguro',1,2,0),(804,225,'No',0,3,0),(805,226,'Si',2,1,0),(806,226,'Término medio',1,2,0),(807,226,'No',0,3,0),(808,227,'Si',0,1,0),(809,227,'Término medio',1,2,0),(810,227,'No',2,3,0),(811,228,'Abogado',2,1,0),(812,228,'No estoy seguro entre ambos',1,2,0),(813,228,'Navegante o piloto',0,3,0),(814,229,'Espina',0,1,0),(815,229,'Pétalo',0,2,0),(816,229,'Aroma',1,3,0),(817,230,'Verdadero',0,1,0),(818,230,'Término medio',1,2,0),(819,230,'Falso',2,3,0),(820,231,'Si',2,1,0),(821,231,'Término medio',1,2,0),(822,231,'No',0,3,0),(823,232,'Si',2,1,0),(824,232,'Término medio',1,2,0),(825,232,'No',0,3,0),(826,233,'Verdadero',0,1,0),(827,233,'No estoy seguro',1,2,0),(828,233,'Falso',2,3,0),(829,234,'Si',2,1,0),(830,234,'Término medio',1,2,0),(831,234,'No',0,3,0),(832,235,'Muestro mis emociones tal como las siento',2,1,0),(833,235,'Término medio',1,2,0),(834,235,'Guardo mis emociones para mis adentros',0,3,0),(835,236,'Si',2,1,0),(836,236,'No estoy seguro',1,2,0),(837,236,'No',0,3,0),(838,237,'Si',2,1,0),(839,237,'Término medio',1,2,0),(840,237,'No',0,3,0),(841,238,'Si',2,1,0),(842,238,'No estoy seguro',1,2,0),(843,238,'No',0,3,0),(844,239,'Verdadero',2,1,0),(845,239,'No estoy seguro',1,2,0),(846,239,'Falso',0,3,0),(847,240,'\"Es un mentiroso\"',2,1,0),(848,240,'Término medio',1,2,0),(849,240,'\"Evidentemente no está bien informado\"',0,3,0),(850,241,'Si',2,1,0),(851,241,'No estoy seguro',1,2,0),(852,241,'No',0,3,0),(853,242,'Me gustaría ver quién es el \"ganador\"',2,1,0),(854,242,'Término medio',1,2,0),(855,242,'Desearía que se suavizara de nuevo la situación',0,3,0),(856,243,'Si',2,1,0),(857,243,'Término medio',1,2,0),(858,243,'No',0,3,0),(859,244,'Verdadero',0,1,0),(860,244,'No estoy seguro',1,2,0),(861,244,'Falso',2,3,0),(862,245,'Si',2,1,0),(863,245,'Algunas veces',1,2,0),(864,245,'No',0,3,0),(865,246,'Verdadero',0,1,0),(866,246,'No estoy seguro',1,2,0),(867,246,'Falso',2,3,0),(868,247,'Artista',0,1,0),(869,247,'No estoy seguro',1,2,0),(870,247,'Secretario de un club social',2,3,0),(871,248,'Ancho',1,1,0),(872,248,'Zigzag',0,2,0),(873,248,'Recto',0,3,0),(874,249,'A menudo',0,1,0),(875,249,'Ocasionalmente',1,2,0),(876,249,'Prácticamente nunca',2,3,0),(877,250,'Si',2,1,0),(878,250,'Término medio',1,2,0),(879,250,'No',0,3,0),(880,251,'Si',2,1,0),(881,251,'Término medio',1,2,0),(882,251,'No',0,3,0),(883,252,'Si',2,1,0),(884,252,'Término medio',1,2,0),(885,252,'No',0,3,0),(886,253,'Verdadero',2,1,0),(887,253,'Término medio',1,2,0),(888,253,'Falso',0,3,0),(889,254,'Si',0,1,0),(890,254,'Término medio',1,2,0),(891,254,'No',2,3,0),(892,255,'Verdadero',0,1,0),(893,255,'Término medio',1,2,0),(894,255,'Falso',2,3,0),(895,256,'La dejo pasar',0,1,0),(896,256,'Término medio',1,2,0),(897,256,'Doy a la gente la oportunidad de volver a escucharla',2,3,0),(898,257,'Si',2,1,0),(899,257,'Término medio',1,2,0),(900,257,'No',0,3,0),(901,258,'Si',0,1,0),(902,258,'No estoy seguro',1,2,0),(903,258,'No',2,3,0),(904,259,'Si',2,1,0),(905,259,'No estoy seguro',1,2,0),(906,259,'No',0,3,0),(907,260,'Verdadero',0,1,0),(908,260,'Término medio',1,2,0),(909,260,'Falso',2,3,0),(910,261,'Si',2,1,0),(911,261,'Término medio',1,2,0),(912,261,'No',0,3,0),(913,262,'Leyendo un libro bien escrito',2,1,0),(914,262,'Término medio',1,2,0),(915,262,'Participando en un grupo de discusión',0,3,0),(916,263,'Siempre',2,1,0),(917,263,'Generalmente',1,2,0),(918,263,'Sólo si es posible',0,3,0),(919,264,'Si',2,1,0),(920,264,'Término medio',1,2,0),(921,264,'No',0,3,0),(922,265,'Verdadero',0,1,0),(923,265,'No estoy seguro',1,2,0),(924,265,'Falso',2,3,0),(925,266,'Aceptaría',2,1,0),(926,266,'No estoy seguro',1,2,0),(927,266,'Diría cortésmente que estoy muy ocupado',0,3,0),(928,267,'En ningún sitio',1,1,0),(929,267,'Lejos',0,2,0),(930,267,'En otro sitio',0,3,0),(931,268,'Si',2,1,0),(932,268,'No estoy seguro',1,2,0),(933,268,'No',0,3,0),(934,269,'Si',2,1,0),(935,269,'Término medio',1,2,0),(936,269,'No',0,3,0),(937,270,'Aplomo en las pugnas y discusiones de una reunión',2,1,0),(938,270,'No estoy seguro',1,2,0),(939,270,'Tolerancia con los deseos de los demás',0,3,0),(940,271,'Si',2,1,0),(941,271,'Término medio',1,2,0),(942,271,'No',0,3,0),(943,272,'Si',2,1,0),(944,272,'Término medio',1,2,0),(945,272,'No',0,3,0),(946,273,'Si',2,1,0),(947,273,'No estoy seguro',1,2,0),(948,273,'No',0,3,0),(949,274,'Lengua o Literatura',2,1,0),(950,274,'No estoy seguro',1,2,0),(951,274,'Matemáticas o Aritmética',0,3,0),(952,275,'Si',2,1,0),(953,275,'No estoy seguro',1,2,0),(954,275,'No',0,3,0),(955,276,'Es a menudo muy interesante e instructivo',0,1,0),(956,276,'Término medio',1,2,0),(957,276,'Me fastidia porque no hay profundidad o se trata de chismes y cosas sin importancia',2,3,0),(958,277,'Si',0,1,0),(959,277,'Término medio',1,2,0),(960,277,'No',2,3,0),(961,278,'Darle bastante efecto',2,1,0),(962,278,'Término medio',1,2,0),(963,278,'Procurar que aprenda hábitos y actitudes deseables',0,3,0),(964,279,'Si',0,1,0),(965,279,'Término medio',1,2,0),(966,279,'No',2,3,0),(967,280,'El problema de la intención moral',0,1,0),(968,280,'No estoy seguro',1,2,0),(969,280,'Los problemas políticos',2,3,0),(970,281,'Si',0,1,0),(971,281,'No estoy seguro',0,2,0),(972,281,'No',0,3,0),(973,282,'Terapia individual adultos',NULL,1,0),(974,282,'Terapia de pareja',NULL,2,0),(975,282,'Terapia infantojuvenil (menores)',NULL,3,0),(976,283,'Sí',NULL,1,0),(977,283,'No',NULL,2,0),(978,284,'< 1 año',NULL,1,0),(979,284,'1–3 años',NULL,2,0),(980,284,'> 3 años',NULL,3,0),(981,285,'< 1 año',NULL,1,0),(982,285,'1–3 años',NULL,2,0),(983,285,'3–7 años',NULL,3,0),(984,285,'> 7 años',NULL,4,0),(985,286,'Ansiedad y estrés',NULL,1,0),(986,286,'Depresión / estado de ánimo',NULL,2,0),(987,286,'Ataques de pánico',NULL,3,0),(988,286,'Duelo',NULL,4,0),(989,286,'Trauma',NULL,5,0),(990,286,'Pareja',NULL,6,0),(991,286,'Familia',NULL,7,0),(992,286,'Autoestima',NULL,8,0),(993,286,'Conducta alimentaria',NULL,9,0),(994,286,'Adicciones',NULL,10,0),(995,286,'Sexualidad',NULL,11,0),(996,286,'TDAH adultos',NULL,12,0),(997,286,'Otros',NULL,13,0),(998,287,'Casos leves / preventivos',NULL,1,0),(999,287,'Casos moderados',NULL,2,0),(1000,287,'Casos complejos',NULL,3,0),(1001,287,'Me adapto según el caso',NULL,4,0),(1002,288,'Cognitivo-conductual',NULL,1,0),(1003,288,'Tercera generación / contextual',NULL,2,0),(1004,288,'Psicodinámica',NULL,3,0),(1005,288,'Humanista',NULL,4,0),(1006,288,'Sistémica',NULL,5,0),(1007,288,'Integrador',NULL,6,0),(1008,289,'Muy práctica, con tareas y objetivos claros',NULL,1,0),(1009,289,'Más exploratoria y reflexiva',NULL,2,0),(1010,289,'Equilibrada entre ambas',NULL,3,0),(1011,290,'Adultos jóvenes (18–30)',NULL,1,0),(1012,290,'Adultos (30–50)',NULL,2,0),(1013,290,'Adultos mayores (+50)',NULL,3,0),(1014,290,'Todas',NULL,4,0),(1015,291,'Baja',NULL,1,0),(1016,291,'Media',NULL,2,0),(1017,291,'Alta',NULL,3,0),(1018,292,'Español',NULL,1,0),(1019,292,'Inglés',NULL,2,0),(1020,292,'Francés',NULL,3,0),(1021,292,'Catalán',NULL,4,0),(1022,292,'Euskera',NULL,5,0),(1023,292,'Gallego',NULL,6,0),(1024,292,'Portugués',NULL,7,0),(1025,292,'Italiano',NULL,8,0),(1026,292,'Alemán',NULL,9,0),(1027,293,'Sí',NULL,1,0),(1028,293,'No',NULL,2,0),(1029,294,'Mujer',NULL,1,0),(1030,294,'Hombre',NULL,2,0),(1031,294,'No binario / otro',NULL,3,0),(1032,295,'Mañanas (8–12)',NULL,1,0),(1033,295,'Mediodía (13–17)',NULL,2,0),(1034,295,'Tardes (18–22)',NULL,3,0),(1035,295,'Fin de semana',NULL,4,0),(1036,296,'Semanal',NULL,1,0),(1037,296,'Quincenal',NULL,2,0),(1038,296,'Flexible',NULL,3,0),(1039,297,'Sí, habitualmente',NULL,1,0),(1040,297,'Sí, en algunos casos',NULL,2,0),(1041,297,'Prefiero no trabajar con medicación activa',NULL,3,0),(1042,299,'Terapia individual',NULL,1,0),(1043,299,'Terapia de pareja',NULL,2,0),(1044,299,'Terapia para un menor',NULL,3,0),(1045,301,'Estudiante',NULL,1,0),(1046,301,'Empleado/a con funciones principalmente operativas o técnicas',NULL,2,0),(1047,301,'Profesional cualificado/a (sanitario, educativo, jurídico, tecnológico, etc.)',NULL,3,0),(1048,301,'Mando intermedio / coordinador/a de equipo',NULL,4,0),(1049,301,'Directivo/a / empresario/a con alta responsabilidad',NULL,5,0),(1050,301,'Autónomo/a o freelance',NULL,6,0),(1051,301,'En situación de desempleo o inestabilidad laboral',NULL,7,0),(1052,301,'Jubilado/a',NULL,8,0),(1053,301,'Dedicación principal al cuidado de terceros',NULL,9,0),(1054,302,'No',NULL,1,0),(1055,302,'Sí, sobre un pequeño equipo',NULL,2,0),(1056,302,'Sí, sobre un equipo amplio u organización',NULL,3,0),(1057,303,'Sin pareja',NULL,1,0),(1058,303,'Con pareja, no convivimos',NULL,2,0),(1059,303,'Con pareja y convivimos',NULL,3,0),(1060,303,'Separación o divorcio en curso',NULL,4,0),(1061,303,'Divorciado/a (proceso finalizado)',NULL,5,0),(1062,303,'Viudo/a',NULL,6,0),(1063,304,'No',NULL,1,0),(1064,304,'Sí',NULL,2,0),(1065,305,'Sí',NULL,1,0),(1066,305,'No',NULL,2,0),(1067,306,'Ansiedad / estrés',NULL,1,0),(1068,306,'Estado de ánimo bajo / tristeza',NULL,2,0),(1069,306,'Ataques de pánico',NULL,3,0),(1070,306,'Problemas de pareja',NULL,4,0),(1071,306,'Dificultades familiares',NULL,5,0),(1072,306,'Duelo',NULL,6,0),(1073,306,'Trauma / experiencias difíciles',NULL,7,0),(1074,306,'Autoestima / imagen corporal',NULL,8,0),(1075,306,'Conducta alimentaria',NULL,9,0),(1076,306,'Sueño',NULL,10,0),(1077,306,'Adicciones / consumo',NULL,11,0),(1078,306,'Problemas sexuales',NULL,12,0),(1079,306,'TDAH / atención / organización (sospecha)',NULL,13,0),(1080,306,'Otro',NULL,14,0),(1081,307,'Días',NULL,1,0),(1082,307,'Semanas',NULL,2,0),(1083,307,'Meses',NULL,3,0),(1084,307,'Más de 6 meses',NULL,4,0),(1085,307,'Años',NULL,5,0),(1086,308,'Poco',NULL,1,0),(1087,308,'Moderadamente',NULL,2,0),(1088,308,'Mucho',NULL,3,0),(1089,308,'Muchísimo (me cuesta funcionar)',NULL,4,0),(1090,309,'No',NULL,1,0),(1091,309,'Sí, y me fue bien',NULL,2,0),(1092,309,'Sí, pero no me encajó',NULL,3,0),(1093,309,'Sí, actualmente estoy en terapia',NULL,4,0),(1094,310,'No',NULL,1,0),(1095,310,'Sí',NULL,2,0),(1096,311,'Mujer',NULL,1,0),(1097,311,'Hombre',NULL,2,0),(1098,311,'Indiferente',NULL,3,0),(1099,312,'Español',NULL,1,0),(1100,312,'Inglés',NULL,2,0),(1101,312,'Francés',NULL,3,0),(1102,312,'Catalán',NULL,4,0),(1103,312,'Euskera',NULL,5,0),(1104,312,'Gallego',NULL,6,0),(1105,312,'Portugués',NULL,7,0),(1106,312,'Italiano',NULL,8,0),(1107,312,'Alemán',NULL,9,0),(1108,313,'Más práctico, con tareas',NULL,1,0),(1109,313,'Más exploratorio',NULL,2,0),(1110,313,'Equilibrado',NULL,3,0),(1111,314,'Mañanas (8–12)',NULL,1,0),(1112,314,'Mediodía (13–17)',NULL,2,0),(1113,314,'Tardes (18–22)',NULL,3,0),(1114,314,'Fin de semana',NULL,4,0);
/*!40000 ALTER TABLE `answers` ENABLE KEYS */;
UNLOCK TABLES;

--
-- Table structure for table `appointment_ratings`
--

DROP TABLE IF EXISTS `appointment_ratings`;
/*!40101 SET @saved_cs_client     = @@character_set_client */;
/*!50503 SET character_set_client = utf8mb4 */;
CREATE TABLE `appointment_ratings` (
  `id` bigint NOT NULL AUTO_INCREMENT,
  `appointment_id` bigint NOT NULL,
  `user_id` bigint NOT NULL,
  `psychologist_id` bigint NOT NULL,
  `rating` int NOT NULL,
  `comment` text COLLATE utf8mb4_unicode_ci,
  `created_at` timestamp NULL DEFAULT CURRENT_TIMESTAMP,
  `updated_at` timestamp NULL DEFAULT CURRENT_TIMESTAMP ON UPDATE CURRENT_TIMESTAMP,
  PRIMARY KEY (`id`),
  UNIQUE KEY `uq_appointment_rating` (`appointment_id`,`user_id`),
  KEY `user_id` (`user_id`),
  KEY `idx_ratings_psychologist` (`psychologist_id`),
  CONSTRAINT `appointment_ratings_ibfk_1` FOREIGN KEY (`appointment_id`) REFERENCES `appointments` (`id`) ON DELETE CASCADE,
  CONSTRAINT `appointment_ratings_ibfk_2` FOREIGN KEY (`user_id`) REFERENCES `users` (`id`) ON DELETE CASCADE,
  CONSTRAINT `appointment_ratings_ibfk_3` FOREIGN KEY (`psychologist_id`) REFERENCES `users` (`id`) ON DELETE CASCADE,
  CONSTRAINT `appointment_ratings_chk_1` CHECK (((`rating` >= 1) and (`rating` <= 5)))
) ENGINE=InnoDB AUTO_INCREMENT=5 DEFAULT CHARSET=utf8mb4 COLLATE=utf8mb4_unicode_ci;
/*!40101 SET character_set_client = @saved_cs_client */;

--
-- Dumping data for table `appointment_ratings`
--

LOCK TABLES `appointment_ratings` WRITE;
/*!40000 ALTER TABLE `appointment_ratings` DISABLE KEYS */;
INSERT INTO `appointment_ratings` VALUES (1,76,15,8,5,NULL,'2025-12-17 17:58:42','2025-12-17 17:58:42'),(2,55,15,8,3,'demasiado gay','2025-12-17 17:59:37','2025-12-17 17:59:37'),(3,46,15,8,3,'demashniodoa dcaniso','2025-12-28 15:30:18','2025-12-28 15:30:18'),(4,45,15,8,4,NULL,'2026-01-03 19:04:02','2026-01-03 19:04:02');
/*!40000 ALTER TABLE `appointment_ratings` ENABLE KEYS */;
UNLOCK TABLES;

--
-- Table structure for table `appointment_requests`
--

DROP TABLE IF EXISTS `appointment_requests`;
/*!40101 SET @saved_cs_client     = @@character_set_client */;
/*!50503 SET character_set_client = utf8mb4 */;
CREATE TABLE `appointment_requests` (
  `id` bigint NOT NULL AUTO_INCREMENT,
  `appointment_id` bigint NOT NULL,
  `user_id` bigint NOT NULL,
  `requested_at` timestamp NULL DEFAULT CURRENT_TIMESTAMP,
  `status` varchar(20) COLLATE utf8mb4_unicode_ci NOT NULL DEFAULT 'PENDING',
  PRIMARY KEY (`id`),
  UNIQUE KEY `uq_user_appointment_request` (`appointment_id`,`user_id`),
  KEY `idx_appointment_requests_appointment` (`appointment_id`),
  KEY `idx_appointment_requests_user` (`user_id`),
  KEY `idx_appointment_requests_status` (`status`),
  CONSTRAINT `appointment_requests_ibfk_1` FOREIGN KEY (`appointment_id`) REFERENCES `appointments` (`id`) ON DELETE CASCADE,
  CONSTRAINT `appointment_requests_ibfk_2` FOREIGN KEY (`user_id`) REFERENCES `users` (`id`) ON DELETE CASCADE
) ENGINE=InnoDB AUTO_INCREMENT=17 DEFAULT CHARSET=utf8mb4 COLLATE=utf8mb4_unicode_ci;
/*!40101 SET character_set_client = @saved_cs_client */;

--
-- Dumping data for table `appointment_requests`
--

LOCK TABLES `appointment_requests` WRITE;
/*!40000 ALTER TABLE `appointment_requests` DISABLE KEYS */;
INSERT INTO `appointment_requests` VALUES (1,99,10,'2025-12-11 15:30:18','REJECTED'),(2,96,10,'2025-12-11 15:30:24','CONFIRMED'),(3,102,15,'2025-12-14 16:35:24','CONFIRMED'),(4,103,15,'2025-12-14 16:37:50','CONFIRMED'),(5,104,10,'2025-12-15 17:55:12','CONFIRMED'),(6,105,15,'2025-12-16 20:43:07','CONFIRMED'),(7,108,15,'2025-12-16 20:44:05','CONFIRMED'),(8,109,10,'2025-12-16 20:47:36','CONFIRMED'),(9,115,15,'2025-12-21 22:08:08','CONFIRMED'),(10,118,15,'2025-12-26 11:59:30','CONFIRMED'),(11,120,15,'2025-12-29 10:59:35','CONFIRMED'),(12,121,15,'2025-12-29 11:16:38','CONFIRMED'),(13,122,15,'2026-01-01 23:14:36','CONFIRMED'),(14,123,15,'2026-01-03 17:23:39','CONFIRMED'),(15,124,15,'2026-01-03 17:34:43','CONFIRMED'),(16,125,15,'2026-01-03 18:55:10','CONFIRMED');
/*!40000 ALTER TABLE `appointment_requests` ENABLE KEYS */;
UNLOCK TABLES;

--
-- Table structure for table `appointments`
--

DROP TABLE IF EXISTS `appointments`;
/*!40101 SET @saved_cs_client     = @@character_set_client */;
/*!50503 SET character_set_client = utf8mb4 */;
CREATE TABLE `appointments` (
  `id` bigint NOT NULL AUTO_INCREMENT,
  `psychologist_id` bigint NOT NULL,
  `user_id` bigint DEFAULT NULL,
  `start_time` timestamp NOT NULL,
  `end_time` timestamp NOT NULL,
  `status` varchar(20) COLLATE utf8mb4_unicode_ci NOT NULL DEFAULT 'FREE',
  `notes` varchar(500) COLLATE utf8mb4_unicode_ci DEFAULT NULL,
  `created_at` timestamp NULL DEFAULT CURRENT_TIMESTAMP,
  `price` decimal(10,2) DEFAULT NULL,
  `confirmed_at` timestamp NULL DEFAULT NULL,
  `payment_deadline` timestamp NULL DEFAULT NULL,
  `payment_status` varchar(20) COLLATE utf8mb4_unicode_ci DEFAULT 'PENDING',
  `confirmed_by_user_id` bigint DEFAULT NULL,
  PRIMARY KEY (`id`),
  UNIQUE KEY `uq_psychologist_slot` (`psychologist_id`,`start_time`,`end_time`),
  KEY `user_id` (`user_id`),
  KEY `idx_appointments_payment_deadline` (`payment_deadline`),
  KEY `idx_appointments_confirmed_by` (`confirmed_by_user_id`),
  CONSTRAINT `appointments_ibfk_1` FOREIGN KEY (`psychologist_id`) REFERENCES `users` (`id`) ON DELETE CASCADE,
  CONSTRAINT `appointments_ibfk_2` FOREIGN KEY (`user_id`) REFERENCES `users` (`id`) ON DELETE SET NULL,
  CONSTRAINT `fk_confirmed_by_user` FOREIGN KEY (`confirmed_by_user_id`) REFERENCES `users` (`id`) ON DELETE SET NULL
) ENGINE=InnoDB AUTO_INCREMENT=126 DEFAULT CHARSET=utf8mb4 COLLATE=utf8mb4_unicode_ci;
/*!40101 SET character_set_client = @saved_cs_client */;

--
-- Dumping data for table `appointments`
--

LOCK TABLES `appointments` WRITE;
/*!40000 ALTER TABLE `appointments` DISABLE KEYS */;
INSERT INTO `appointments` VALUES (1,8,NULL,'2025-11-03 06:00:00','2025-11-03 07:00:00','FREE',NULL,'2025-11-05 08:54:48',NULL,NULL,NULL,'PENDING',NULL),(4,8,NULL,'2025-11-04 06:00:00','2025-11-04 07:00:00','FREE',NULL,'2025-11-05 08:54:50',NULL,NULL,NULL,'PENDING',NULL),(5,8,NULL,'2025-11-03 12:00:00','2025-11-03 13:00:00','FREE',NULL,'2025-11-05 08:54:52',NULL,NULL,NULL,'PENDING',NULL),(6,8,NULL,'2025-11-04 12:00:00','2025-11-04 13:00:00','FREE',NULL,'2025-11-05 08:54:53',NULL,NULL,NULL,'PENDING',NULL),(9,8,NULL,'2025-11-04 09:00:00','2025-11-04 10:00:00','FREE',NULL,'2025-11-05 21:00:54',NULL,NULL,NULL,'PENDING',NULL),(10,8,NULL,'2025-11-03 07:00:00','2025-11-03 08:00:00','FREE',NULL,'2025-11-05 21:00:56',NULL,NULL,NULL,'PENDING',NULL),(12,8,NULL,'2025-11-03 08:00:00','2025-11-03 09:00:00','FREE',NULL,'2025-11-05 21:00:57',NULL,NULL,NULL,'PENDING',NULL),(13,8,9,'2025-11-06 07:00:00','2025-11-06 08:00:00','BOOKED',NULL,'2025-11-05 21:48:11',NULL,NULL,NULL,'PENDING',NULL),(14,8,9,'2025-11-06 08:00:00','2025-11-06 09:00:00','BOOKED',NULL,'2025-11-05 21:48:13',NULL,NULL,NULL,'PENDING',NULL),(15,8,NULL,'2025-11-06 09:00:00','2025-11-06 10:00:00','FREE',NULL,'2025-11-05 21:48:19',NULL,NULL,NULL,'PENDING',NULL),(16,8,NULL,'2025-11-06 06:00:00','2025-11-06 07:00:00','FREE',NULL,'2025-11-05 21:48:22',NULL,NULL,NULL,'PENDING',NULL),(17,8,NULL,'2025-11-06 10:00:00','2025-11-06 11:00:00','FREE',NULL,'2025-11-05 21:48:25',NULL,NULL,NULL,'PENDING',NULL),(18,8,NULL,'2025-11-06 11:00:00','2025-11-06 12:00:00','FREE',NULL,'2025-11-05 21:48:26',NULL,NULL,NULL,'PENDING',NULL),(19,8,NULL,'2025-11-06 12:00:00','2025-11-06 13:00:00','FREE',NULL,'2025-11-05 21:48:26',NULL,NULL,NULL,'PENDING',NULL),(20,8,NULL,'2025-11-06 13:00:00','2025-11-06 14:00:00','FREE',NULL,'2025-11-05 21:48:27',NULL,NULL,NULL,'PENDING',NULL),(21,8,NULL,'2025-11-06 14:00:00','2025-11-06 15:00:00','FREE',NULL,'2025-11-05 21:48:27',NULL,NULL,NULL,'PENDING',NULL),(22,8,NULL,'2025-11-06 15:00:00','2025-11-06 16:00:00','FREE',NULL,'2025-11-05 21:48:28',NULL,NULL,NULL,'PENDING',NULL),(23,8,9,'2025-11-08 13:00:00','2025-11-08 14:00:00','BOOKED',NULL,'2025-11-05 21:56:32',NULL,NULL,NULL,'PENDING',NULL),(25,8,NULL,'2025-11-07 07:00:00','2025-11-07 08:00:00','FREE',NULL,'2025-11-06 06:43:55',NULL,NULL,NULL,'PENDING',NULL),(26,8,NULL,'2025-11-07 10:00:00','2025-11-07 11:00:00','FREE',NULL,'2025-11-06 06:44:04',NULL,NULL,NULL,'PENDING',NULL),(27,8,9,'2025-11-07 11:00:00','2025-11-07 12:00:00','BOOKED',NULL,'2025-11-06 06:44:04',NULL,NULL,NULL,'PENDING',NULL),(28,8,NULL,'2025-11-07 15:00:00','2025-11-07 16:00:00','FREE',NULL,'2025-11-06 06:44:06',NULL,NULL,NULL,'PENDING',NULL),(29,8,9,'2025-11-09 12:00:00','2025-11-09 13:00:00','BOOKED',NULL,'2025-11-06 13:52:29',NULL,NULL,NULL,'PENDING',NULL),(30,8,10,'2025-11-09 16:00:00','2025-11-09 17:00:00','BOOKED',NULL,'2025-11-06 13:52:30',NULL,NULL,NULL,'PENDING',NULL),(31,8,10,'2025-11-08 11:00:00','2025-11-08 12:00:00','BOOKED',NULL,'2025-11-07 10:26:55',NULL,NULL,NULL,'PENDING',NULL),(32,8,NULL,'2025-11-08 16:00:00','2025-11-08 17:00:00','FREE',NULL,'2025-11-07 10:26:59',NULL,NULL,NULL,'PENDING',NULL),(33,8,NULL,'2025-11-09 17:00:00','2025-11-09 18:00:00','FREE',NULL,'2025-11-09 10:50:06',NULL,NULL,NULL,'PENDING',NULL),(34,8,NULL,'2025-11-09 18:00:00','2025-11-09 19:00:00','FREE',NULL,'2025-11-09 10:50:07',NULL,NULL,NULL,'PENDING',NULL),(35,8,NULL,'2025-11-12 15:00:00','2025-11-12 16:00:00','FREE',NULL,'2025-11-11 10:06:08',NULL,NULL,NULL,'PENDING',NULL),(36,8,NULL,'2025-11-12 16:00:00','2025-11-12 17:00:00','FREE',NULL,'2025-11-11 10:06:08',NULL,NULL,NULL,'PENDING',NULL),(37,8,13,'2025-11-13 07:00:00','2025-11-13 08:00:00','BOOKED',NULL,'2025-11-11 10:06:11',NULL,NULL,NULL,'PENDING',NULL),(38,8,NULL,'2025-11-14 12:00:00','2025-11-14 13:00:00','FREE',NULL,'2025-11-12 14:27:49',NULL,NULL,NULL,'PENDING',NULL),(39,8,14,'2025-11-14 13:00:00','2025-11-14 14:00:00','BOOKED',NULL,'2025-11-12 14:27:52',NULL,NULL,NULL,'PENDING',NULL),(40,8,NULL,'2025-11-14 15:00:00','2025-11-14 16:00:00','FREE',NULL,'2025-11-12 14:27:53',NULL,NULL,NULL,'PENDING',NULL),(41,8,NULL,'2025-11-14 14:00:00','2025-11-14 15:00:00','FREE',NULL,'2025-11-12 14:27:53',NULL,NULL,NULL,'PENDING',NULL),(42,8,NULL,'2025-11-15 16:00:00','2025-11-15 17:00:00','FREE',NULL,'2025-11-12 14:27:56',NULL,NULL,NULL,'PENDING',NULL),(43,8,NULL,'2025-11-15 17:00:00','2025-11-15 18:00:00','FREE',NULL,'2025-11-12 14:27:56',NULL,NULL,NULL,'PENDING',NULL),(44,8,NULL,'2025-11-15 08:00:00','2025-11-15 09:00:00','FREE',NULL,'2025-11-12 15:15:40',NULL,NULL,NULL,'PENDING',NULL),(45,8,15,'2025-11-15 07:00:00','2025-11-15 08:00:00','BOOKED',NULL,'2025-11-12 15:15:41',NULL,NULL,NULL,'PENDING',NULL),(46,8,15,'2025-11-16 10:00:00','2025-11-16 11:00:00','BOOKED',NULL,'2025-11-14 12:01:45',NULL,NULL,NULL,'PENDING',NULL),(47,8,NULL,'2025-11-16 14:00:00','2025-11-16 15:00:00','FREE',NULL,'2025-11-14 12:01:46',NULL,NULL,NULL,'PENDING',NULL),(48,8,NULL,'2025-11-19 07:00:00','2025-11-19 08:00:00','FREE',NULL,'2025-11-14 12:01:49',NULL,NULL,NULL,'PENDING',NULL),(49,8,15,'2025-11-19 09:00:00','2025-11-19 10:00:00','BOOKED',NULL,'2025-11-14 12:01:50',NULL,NULL,NULL,'PENDING',NULL),(50,8,NULL,'2025-11-19 08:00:00','2025-11-19 09:00:00','FREE',NULL,'2025-11-14 12:01:50',NULL,NULL,NULL,'PENDING',NULL),(51,8,NULL,'2025-11-20 10:00:00','2025-11-20 11:00:00','FREE',NULL,'2025-11-14 12:01:51',NULL,NULL,NULL,'PENDING',NULL),(52,8,NULL,'2025-11-20 11:00:00','2025-11-20 12:00:00','FREE',NULL,'2025-11-14 12:01:51',NULL,NULL,NULL,'PENDING',NULL),(53,8,NULL,'2025-11-20 12:00:00','2025-11-20 13:00:00','FREE',NULL,'2025-11-14 12:01:52',NULL,NULL,NULL,'PENDING',NULL),(54,8,NULL,'2025-11-22 15:00:00','2025-11-22 16:00:00','FREE',NULL,'2025-11-14 12:01:56',NULL,NULL,NULL,'PENDING',NULL),(55,8,15,'2025-11-22 14:00:00','2025-11-22 15:00:00','BOOKED',NULL,'2025-11-14 12:01:56',NULL,NULL,NULL,'PENDING',NULL),(56,8,NULL,'2025-11-22 13:00:00','2025-11-22 14:00:00','FREE',NULL,'2025-11-14 12:01:56',NULL,NULL,NULL,'PENDING',NULL),(57,8,15,'2025-11-23 06:00:00','2025-11-23 07:00:00','BOOKED',NULL,'2025-11-14 12:01:57',NULL,NULL,NULL,'PENDING',NULL),(58,8,NULL,'2025-11-23 07:00:00','2025-11-23 08:00:00','FREE',NULL,'2025-11-14 12:01:58',NULL,NULL,NULL,'PENDING',NULL),(59,8,NULL,'2025-11-23 08:00:00','2025-11-23 09:00:00','FREE',NULL,'2025-11-14 12:01:58',NULL,NULL,NULL,'PENDING',NULL),(60,8,NULL,'2025-11-23 18:00:00','2025-11-23 19:00:00','FREE',NULL,'2025-11-14 12:02:00',NULL,NULL,NULL,'PENDING',NULL),(61,8,NULL,'2025-11-24 15:00:00','2025-11-24 16:00:00','FREE',NULL,'2025-11-18 09:11:02',NULL,NULL,NULL,'PENDING',NULL),(62,8,15,'2025-11-24 16:00:00','2025-11-24 17:00:00','BOOKED',NULL,'2025-11-18 09:11:02',NULL,NULL,NULL,'PENDING',NULL),(63,8,NULL,'2025-11-24 17:00:00','2025-11-24 18:00:00','FREE',NULL,'2025-11-18 09:11:03',NULL,NULL,NULL,'PENDING',NULL),(64,8,NULL,'2025-11-24 18:00:00','2025-11-24 19:00:00','FREE',NULL,'2025-11-18 09:11:04',NULL,NULL,NULL,'PENDING',NULL),(65,8,13,'2025-11-25 08:00:00','2025-11-25 09:00:00','BOOKED',NULL,'2025-11-18 09:11:07',NULL,NULL,NULL,'PENDING',NULL),(66,8,17,'2025-11-25 09:00:00','2025-11-25 10:00:00','BOOKED',NULL,'2025-11-18 09:11:07',NULL,NULL,NULL,'PENDING',NULL),(67,8,NULL,'2025-11-25 10:00:00','2025-11-25 11:00:00','FREE',NULL,'2025-11-18 09:11:08',NULL,NULL,NULL,'PENDING',NULL),(68,8,NULL,'2025-11-27 07:00:00','2025-11-27 08:00:00','FREE',NULL,'2025-11-18 09:11:09',NULL,NULL,NULL,'PENDING',NULL),(69,8,15,'2025-11-27 08:00:00','2025-11-27 09:00:00','BOOKED',NULL,'2025-11-18 09:11:10',NULL,NULL,NULL,'PENDING',NULL),(70,8,NULL,'2025-11-27 09:00:00','2025-11-27 10:00:00','FREE',NULL,'2025-11-18 09:11:11',NULL,NULL,NULL,'PENDING',NULL),(71,8,17,'2025-11-28 13:00:00','2025-11-28 14:00:00','BOOKED',NULL,'2025-11-18 09:11:12',NULL,NULL,NULL,'PENDING',NULL),(72,8,NULL,'2025-11-28 14:00:00','2025-11-28 15:00:00','FREE',NULL,'2025-11-18 09:11:13',NULL,NULL,NULL,'PENDING',NULL),(73,8,15,'2025-11-28 15:00:00','2025-11-28 16:00:00','BOOKED',NULL,'2025-11-18 09:11:13',NULL,NULL,NULL,'PENDING',NULL),(74,8,NULL,'2025-11-29 17:00:00','2025-11-29 18:00:00','FREE',NULL,'2025-11-18 09:11:16',NULL,NULL,NULL,'PENDING',NULL),(75,8,NULL,'2025-11-29 18:00:00','2025-11-29 19:00:00','FREE',NULL,'2025-11-18 09:11:16',NULL,NULL,NULL,'PENDING',NULL),(76,8,15,'2025-11-29 16:00:00','2025-11-29 17:00:00','BOOKED',NULL,'2025-11-18 09:11:17',NULL,NULL,NULL,'PENDING',NULL),(77,8,NULL,'2025-11-30 11:00:00','2025-11-30 12:00:00','FREE',NULL,'2025-11-19 21:15:01',NULL,NULL,NULL,'PENDING',NULL),(78,8,15,'2025-11-30 09:00:00','2025-11-30 10:00:00','BOOKED',NULL,'2025-11-19 21:15:02',NULL,NULL,NULL,'PENDING',NULL),(79,8,10,'2025-11-23 17:00:00','2025-11-23 18:00:00','BOOKED',NULL,'2025-11-23 14:00:57',NULL,NULL,NULL,'PENDING',NULL),(80,8,10,'2025-11-24 10:00:00','2025-11-24 11:00:00','BOOKED',NULL,'2025-11-23 14:01:02',NULL,NULL,NULL,'PENDING',NULL),(81,8,13,'2025-11-23 15:00:00','2025-11-23 16:00:00','BOOKED',NULL,'2025-11-23 14:08:12',NULL,NULL,NULL,'PENDING',NULL),(82,8,NULL,'2025-11-23 16:00:00','2025-11-23 17:00:00','FREE',NULL,'2025-11-23 15:00:42',NULL,NULL,NULL,'PENDING',NULL),(83,8,20,'2025-12-02 06:00:00','2025-12-02 07:00:00','BOOKED',NULL,'2025-12-01 20:14:05',NULL,NULL,NULL,'PENDING',NULL),(84,8,NULL,'2025-12-02 07:00:00','2025-12-02 08:00:00','FREE',NULL,'2025-12-01 20:14:06',NULL,NULL,NULL,'PENDING',NULL),(85,8,10,'2025-12-03 08:00:00','2025-12-03 09:00:00','BOOKED',NULL,'2025-12-01 20:29:47',NULL,NULL,NULL,'PENDING',NULL),(86,8,NULL,'2025-12-04 09:00:00','2025-12-04 10:00:00','FREE',NULL,'2025-12-01 20:29:47',NULL,NULL,NULL,'PENDING',NULL),(87,8,NULL,'2025-12-04 11:00:00','2025-12-04 12:00:00','FREE',NULL,'2025-12-01 20:29:48',NULL,NULL,NULL,'PENDING',NULL),(88,8,NULL,'2025-12-05 11:00:00','2025-12-05 12:00:00','FREE',NULL,'2025-12-01 20:29:48',NULL,NULL,NULL,'PENDING',NULL),(89,8,NULL,'2025-12-05 08:00:00','2025-12-05 09:00:00','FREE',NULL,'2025-12-01 20:29:49',NULL,NULL,NULL,'PENDING',NULL),(90,8,NULL,'2025-12-05 09:00:00','2025-12-05 10:00:00','FREE',NULL,'2025-12-01 20:46:40',NULL,NULL,NULL,'PENDING',NULL),(91,8,NULL,'2025-12-05 10:00:00','2025-12-05 11:00:00','FREE',NULL,'2025-12-01 20:46:41',NULL,NULL,NULL,'PENDING',NULL),(92,8,NULL,'2025-12-04 18:00:00','2025-12-04 19:00:00','FREE',NULL,'2025-12-01 20:46:42',NULL,NULL,NULL,'PENDING',NULL),(93,8,NULL,'2025-12-03 16:00:00','2025-12-03 17:00:00','FREE',NULL,'2025-12-01 20:46:42',NULL,NULL,NULL,'PENDING',NULL),(94,8,NULL,'2025-12-11 08:00:00','2025-12-11 09:00:00','FREE',NULL,'2025-12-10 18:05:10',45.00,NULL,NULL,'PENDING',NULL),(96,8,10,'2025-12-13 08:00:00','2025-12-13 09:00:00','CANCELLED',NULL,'2025-12-10 18:05:15',100.00,'2025-12-11 15:31:00','2025-12-12 15:31:00','EXPIRED',10),(99,8,NULL,'2025-12-12 09:00:00','2025-12-12 10:00:00','CANCELLED',NULL,'2025-12-11 15:30:02',55.00,NULL,NULL,'PENDING',NULL),(100,8,NULL,'2025-12-12 16:00:00','2025-12-12 17:00:00','FREE',NULL,'2025-12-11 15:31:38',180.00,NULL,NULL,'PENDING',NULL),(101,8,NULL,'2025-12-16 14:00:00','2025-12-16 15:00:00','FREE',NULL,'2025-12-14 16:34:47',45.00,NULL,NULL,'PENDING',NULL),(102,8,15,'2025-12-18 10:00:00','2025-12-18 11:00:00','CANCELLED',NULL,'2025-12-14 16:34:59',55.00,'2025-12-14 16:36:00','2025-12-15 16:36:00','PENDING',15),(103,8,15,'2025-12-14 17:00:00','2025-12-14 18:00:00','CANCELLED',NULL,'2025-12-14 16:37:42',78.00,'2025-12-14 16:38:02','2025-12-15 16:38:02','EXPIRED',15),(104,8,10,'2025-12-19 08:00:00','2025-12-19 09:00:00','CANCELLED',NULL,'2025-12-14 17:15:55',57.00,'2025-12-15 17:56:46','2025-12-16 17:56:46','EXPIRED',10),(105,8,15,'2025-12-20 15:00:00','2025-12-20 16:00:00','CANCELLED',NULL,'2025-12-14 17:22:01',60.00,'2025-12-16 20:45:35','2025-12-17 20:45:35','PENDING',15),(106,8,NULL,'2025-12-20 09:00:00','2025-12-20 10:00:00','FREE',NULL,'2025-12-14 17:27:37',5476.00,NULL,NULL,'PENDING',NULL),(107,8,NULL,'2025-12-20 08:00:00','2025-12-20 09:00:00','FREE',NULL,'2025-12-14 17:32:18',65.00,NULL,NULL,'PENDING',NULL),(108,8,15,'2025-12-20 07:00:00','2025-12-20 08:00:00','CANCELLED',NULL,'2025-12-14 17:36:04',68.00,'2025-12-16 20:45:42','2025-12-17 20:45:42','EXPIRED',15),(109,8,10,'2025-12-20 10:00:00','2025-12-20 11:00:00','CANCELLED',NULL,'2025-12-16 20:47:12',65.00,'2025-12-17 16:13:01','2025-12-18 16:13:01','EXPIRED',10),(110,8,NULL,'2025-12-22 06:00:00','2025-12-22 07:00:00','FREE',NULL,'2025-12-16 20:48:13',45.00,NULL,NULL,'PENDING',NULL),(111,8,NULL,'2025-12-22 07:00:00','2025-12-22 08:00:00','FREE',NULL,'2025-12-16 20:48:16',54.00,NULL,NULL,'PENDING',NULL),(112,8,NULL,'2025-12-22 08:00:00','2025-12-22 09:00:00','FREE',NULL,'2025-12-16 20:48:18',45.00,NULL,NULL,'PENDING',NULL),(113,8,NULL,'2025-12-22 09:00:00','2025-12-22 10:00:00','FREE',NULL,'2025-12-16 20:48:20',54.00,NULL,NULL,'PENDING',NULL),(114,8,NULL,'2025-12-22 10:00:00','2025-12-22 11:00:00','FREE',NULL,'2025-12-16 20:48:22',54.00,NULL,NULL,'PENDING',NULL),(115,8,15,'2025-12-24 13:00:00','2025-12-24 14:00:00','CANCELLED',NULL,'2025-12-16 20:48:23',58.00,'2025-12-21 22:08:26','2025-12-22 22:08:26','EXPIRED',15),(116,8,NULL,'2025-12-24 14:00:00','2025-12-24 15:00:00','FREE',NULL,'2025-12-16 20:48:26',54.00,NULL,NULL,'PENDING',NULL),(117,8,NULL,'2025-12-24 15:00:00','2025-12-24 16:00:00','FREE',NULL,'2025-12-16 20:48:28',54.00,NULL,NULL,'PENDING',NULL),(118,8,15,'2025-12-27 11:00:00','2025-12-27 12:00:00','CANCELLED',NULL,'2025-12-26 11:59:15',50.00,'2025-12-26 11:59:43','2025-12-27 11:59:43','EXPIRED',15),(119,8,NULL,'2025-12-31 07:00:00','2025-12-31 08:00:00','FREE',NULL,'2025-12-29 10:58:26',45.00,NULL,NULL,'PENDING',NULL),(120,8,15,'2026-01-01 08:00:00','2026-01-01 09:00:00','CANCELLED',NULL,'2025-12-29 10:58:30',60.00,'2025-12-29 10:59:53','2025-12-30 10:59:53','EXPIRED',15),(121,8,15,'2025-12-31 11:00:00','2025-12-31 12:00:00','CANCELLED',NULL,'2025-12-29 10:58:33',34.00,'2025-12-29 11:17:03','2025-12-30 11:17:03','EXPIRED',15),(122,8,15,'2026-01-02 15:00:00','2026-01-02 16:00:00','CANCELLED',NULL,'2026-01-01 23:14:13',45.00,'2026-01-01 23:15:13','2026-01-02 23:15:13','EXPIRED',15),(123,8,15,'2026-01-08 12:00:00','2026-01-08 13:00:00','CANCELLED',NULL,'2026-01-03 17:23:26',45.00,'2026-01-03 17:24:02','2026-01-04 17:24:02','EXPIRED',15),(124,8,15,'2026-01-09 06:00:00','2026-01-09 07:00:00','CONFIRMED',NULL,'2026-01-03 17:34:32',43.00,'2026-01-03 18:21:44','2026-01-04 18:21:44','PENDING',15),(125,8,15,'2026-01-09 10:00:00','2026-01-09 11:00:00','CONFIRMED',NULL,'2026-01-03 18:54:59',54.00,'2026-01-03 18:56:09','2026-01-04 18:56:09','PENDING',15);
/*!40000 ALTER TABLE `appointments` ENABLE KEYS */;
UNLOCK TABLES;

--
-- Table structure for table `assigned_tests`
--

DROP TABLE IF EXISTS `assigned_tests`;
/*!40101 SET @saved_cs_client     = @@character_set_client */;
/*!50503 SET character_set_client = utf8mb4 */;
CREATE TABLE `assigned_tests` (
  `id` bigint NOT NULL AUTO_INCREMENT,
  `user_id` bigint NOT NULL,
  `psychologist_id` bigint NOT NULL,
  `test_id` bigint NOT NULL,
  `assigned_at` timestamp NULL DEFAULT CURRENT_TIMESTAMP,
  `completed_at` timestamp NULL DEFAULT NULL,
  PRIMARY KEY (`id`),
  UNIQUE KEY `unique_user_test` (`user_id`,`test_id`),
  KEY `psychologist_id` (`psychologist_id`),
  KEY `test_id` (`test_id`),
  CONSTRAINT `assigned_tests_ibfk_1` FOREIGN KEY (`user_id`) REFERENCES `users` (`id`) ON DELETE CASCADE,
  CONSTRAINT `assigned_tests_ibfk_2` FOREIGN KEY (`psychologist_id`) REFERENCES `users` (`id`) ON DELETE RESTRICT,
  CONSTRAINT `assigned_tests_ibfk_3` FOREIGN KEY (`test_id`) REFERENCES `tests` (`id`) ON DELETE CASCADE
) ENGINE=InnoDB AUTO_INCREMENT=15 DEFAULT CHARSET=utf8mb4 COLLATE=utf8mb4_unicode_ci;
/*!40101 SET character_set_client = @saved_cs_client */;

--
-- Dumping data for table `assigned_tests`
--

LOCK TABLES `assigned_tests` WRITE;
/*!40000 ALTER TABLE `assigned_tests` DISABLE KEYS */;
INSERT INTO `assigned_tests` VALUES (6,15,8,18,'2025-11-17 20:59:48',NULL),(7,15,8,14,'2025-11-17 21:00:28',NULL),(8,15,8,25,'2025-11-17 21:01:57','2025-11-17 21:02:12'),(9,13,8,26,'2025-11-17 21:06:35',NULL),(10,15,8,26,'2025-11-17 21:06:49','2025-11-17 21:07:26'),(11,17,8,26,'2025-11-18 09:10:42','2025-11-18 09:12:35'),(12,15,8,20,'2025-11-19 21:14:55',NULL),(13,20,8,12,'2025-12-01 20:14:13',NULL),(14,21,8,12,'2025-12-01 20:46:32','2025-12-01 20:47:58');
/*!40000 ALTER TABLE `assigned_tests` ENABLE KEYS */;
UNLOCK TABLES;

--
-- Table structure for table `chat_messages`
--

DROP TABLE IF EXISTS `chat_messages`;
/*!40101 SET @saved_cs_client     = @@character_set_client */;
/*!50503 SET character_set_client = utf8mb4 */;
CREATE TABLE `chat_messages` (
  `id` bigint NOT NULL AUTO_INCREMENT,
  `psychologist_id` bigint NOT NULL,
  `user_id` bigint NOT NULL,
  `sender` varchar(20) COLLATE utf8mb4_unicode_ci NOT NULL,
  `content` text COLLATE utf8mb4_unicode_ci,
  `attachment_path` varchar(1000) COLLATE utf8mb4_unicode_ci DEFAULT NULL,
  `created_at` timestamp NULL DEFAULT CURRENT_TIMESTAMP,
  PRIMARY KEY (`id`),
  KEY `psychologist_id` (`psychologist_id`),
  KEY `user_id` (`user_id`),
  CONSTRAINT `chat_messages_ibfk_1` FOREIGN KEY (`psychologist_id`) REFERENCES `users` (`id`) ON DELETE CASCADE,
  CONSTRAINT `chat_messages_ibfk_2` FOREIGN KEY (`user_id`) REFERENCES `users` (`id`) ON DELETE CASCADE
) ENGINE=InnoDB AUTO_INCREMENT=62 DEFAULT CHARSET=utf8mb4 COLLATE=utf8mb4_unicode_ci;
/*!40101 SET character_set_client = @saved_cs_client */;

--
-- Dumping data for table `chat_messages`
--

LOCK TABLES `chat_messages` WRITE;
/*!40000 ALTER TABLE `chat_messages` DISABLE KEYS */;
INSERT INTO `chat_messages` VALUES (1,8,9,'PSYCHOLOGIST','hola',NULL,'2025-11-05 21:18:43'),(2,8,9,'PSYCHOLOGIST','que tak',NULL,'2025-11-05 21:18:46'),(3,8,9,'PSYCHOLOGIST','hola',NULL,'2025-11-05 21:18:53'),(4,8,9,'PSYCHOLOGIST','hola',NULL,'2025-11-05 21:19:01'),(5,8,9,'PSYCHOLOGIST','si',NULL,'2025-11-05 21:22:57'),(6,9,9,'USER','hola',NULL,'2025-11-05 21:23:32'),(7,8,9,'USER','si',NULL,'2025-11-05 21:23:41'),(8,8,9,'USER','uwu',NULL,'2025-11-05 21:27:33'),(9,9,9,'USER','uwu',NULL,'2025-11-05 21:27:38'),(10,8,9,'USER','hola',NULL,'2025-11-05 21:30:09'),(11,9,9,'USER','hsi',NULL,'2025-11-05 21:30:13'),(12,9,9,'USER','hola',NULL,'2025-11-05 21:30:53'),(13,8,9,'USER','no',NULL,'2025-11-05 21:30:56'),(14,8,9,'PSYCHOLOGIST','qwu rtl',NULL,'2025-11-05 21:31:54'),(15,8,9,'USER','hola',NULL,'2025-11-05 21:32:37'),(16,8,9,'USER','1',NULL,'2025-11-05 21:32:41'),(17,8,9,'USER','2',NULL,'2025-11-05 21:33:00'),(18,8,9,'USER','hola',NULL,'2025-11-05 21:36:56'),(19,8,9,'USER','2',NULL,'2025-11-05 21:37:31'),(20,8,9,'PSYCHOLOGIST','que tal',NULL,'2025-11-05 21:37:44'),(21,8,9,'PSYCHOLOGIST','si',NULL,'2025-11-05 21:37:47'),(22,8,9,'PSYCHOLOGIST','no',NULL,'2025-11-05 21:37:50'),(23,8,9,'PSYCHOLOGIST','124',NULL,'2025-11-05 21:37:54'),(24,8,9,'PSYCHOLOGIST','soy psico',NULL,'2025-11-05 21:38:15'),(25,8,9,'USER','soy pacient',NULL,'2025-11-05 21:38:26'),(26,8,9,'PSYCHOLOGIST','soy psico',NULL,'2025-11-05 21:38:40'),(27,8,9,'USER','vale',NULL,'2025-11-05 21:38:50'),(28,8,9,'PSYCHOLOGIST','3',NULL,'2025-11-05 21:44:22'),(29,8,9,'PSYCHOLOGIST','pisco',NULL,'2025-11-05 21:44:25'),(30,8,9,'USER','de locso',NULL,'2025-11-05 21:44:35'),(31,8,9,'PSYCHOLOGIST','si',NULL,'2025-11-05 21:45:06'),(32,8,9,'USER','no',NULL,'2025-11-05 21:45:18'),(33,8,9,'USER','si',NULL,'2025-11-05 21:45:22'),(34,8,9,'USER','no',NULL,'2025-11-05 21:45:24'),(35,8,9,'USER','si',NULL,'2025-11-05 21:45:26'),(36,8,9,'USER','nop',NULL,'2025-11-05 21:45:28'),(37,8,9,'PSYCHOLOGIST','eh esyou desde incognito',NULL,'2025-11-05 21:47:44'),(38,8,9,'USER','ah deloc os',NULL,'2025-11-05 21:47:50'),(39,8,9,'PSYCHOLOGIST','quye bien',NULL,'2025-11-05 21:47:52'),(40,8,9,'USER','ya ves',NULL,'2025-11-05 21:47:55'),(41,8,9,'PSYCHOLOGIST','soy la polla',NULL,'2025-11-05 21:47:59'),(42,8,9,'USER','juju',NULL,'2025-11-05 21:48:01'),(43,8,9,'PSYCHOLOGIST','que guapo',NULL,'2025-11-06 06:44:12'),(44,8,9,'PSYCHOLOGIST','hola',NULL,'2025-11-06 06:44:13'),(45,8,9,'USER','hola',NULL,'2025-11-06 06:44:37'),(46,8,9,'PSYCHOLOGIST','holi',NULL,'2025-11-06 13:52:38'),(47,8,10,'USER','hola que tak',NULL,'2025-11-07 10:27:35'),(48,8,10,'USER','hola',NULL,'2025-11-08 11:41:26'),(49,8,10,'USER','holi',NULL,'2025-11-09 10:50:42'),(50,8,13,'PSYCHOLOGIST','hola chuemte',NULL,'2025-11-11 10:05:59'),(51,8,13,'USER','holi',NULL,'2025-11-11 10:06:43'),(52,8,14,'PSYCHOLOGIST','hoal que tal acuerdate de las tareas',NULL,'2025-11-12 14:28:24'),(53,8,14,'USER','si guar',NULL,'2025-11-12 14:30:46'),(54,8,17,'PSYCHOLOGIST','Hola este es mi numero 6999699964',NULL,'2025-11-18 09:10:53'),(55,8,20,'USER','holi quer talk',NULL,'2025-12-01 20:15:03'),(56,8,10,'USER','nb,mbnm',NULL,'2025-12-14 16:33:58'),(57,8,15,'USER','si o que',NULL,'2025-12-19 11:13:57'),(58,8,15,'USER','hola lqjwel',NULL,'2025-12-26 12:00:08'),(59,8,15,'USER','uwu',NULL,'2025-12-29 10:56:40'),(60,8,15,'PSYCHOLOGIST','uwu',NULL,'2025-12-29 10:58:39'),(61,8,15,'USER','af,laf',NULL,'2026-01-03 18:21:24');
/*!40000 ALTER TABLE `chat_messages` ENABLE KEYS */;
UNLOCK TABLES;

--
-- Table structure for table `daily_mood_entries`
--

DROP TABLE IF EXISTS `daily_mood_entries`;
/*!40101 SET @saved_cs_client     = @@character_set_client */;
/*!50503 SET character_set_client = utf8mb4 */;
CREATE TABLE `daily_mood_entries` (
  `id` bigint NOT NULL AUTO_INCREMENT,
  `user_id` bigint NOT NULL,
  `entry_date` date NOT NULL,
  `mood_rating` int NOT NULL,
  `emotions` text COLLATE utf8mb4_unicode_ci,
  `activities` text COLLATE utf8mb4_unicode_ci,
  `companions` text COLLATE utf8mb4_unicode_ci,
  `location` varchar(100) COLLATE utf8mb4_unicode_ci DEFAULT NULL,
  `notes` text COLLATE utf8mb4_unicode_ci,
  `created_at` timestamp NULL DEFAULT CURRENT_TIMESTAMP,
  `updated_at` timestamp NULL DEFAULT CURRENT_TIMESTAMP ON UPDATE CURRENT_TIMESTAMP,
  PRIMARY KEY (`id`),
  UNIQUE KEY `uq_user_date` (`user_id`,`entry_date`),
  KEY `idx_daily_mood_user_date` (`user_id`,`entry_date`),
  CONSTRAINT `daily_mood_entries_ibfk_1` FOREIGN KEY (`user_id`) REFERENCES `users` (`id`) ON DELETE CASCADE
) ENGINE=InnoDB AUTO_INCREMENT=15 DEFAULT CHARSET=utf8mb4 COLLATE=utf8mb4_unicode_ci;
/*!40101 SET character_set_client = @saved_cs_client */;

--
-- Dumping data for table `daily_mood_entries`
--

LOCK TABLES `daily_mood_entries` WRITE;
/*!40000 ALTER TABLE `daily_mood_entries` DISABLE KEYS */;
INSERT INTO `daily_mood_entries` VALUES (1,10,'2025-12-11',3,'[\"Asustado\",\"Disgustado\"]','[\"Trabajando\"]','[\"Amigos\"]','Escuela','dhdh','2025-12-11 17:56:41','2025-12-11 17:56:41'),(2,10,'2025-12-14',3,'[\"Furioso\",\"Pánico\"]','[\"Viajando\"]','[\"Solo\"]','Casa','bgvnmvnv','2025-12-14 16:33:50','2025-12-14 16:33:50'),(3,10,'2025-12-15',2,'[\"Pánico\",\"Celoso\",\"Disgustado\"]','[\"Durmiendo\"]','[\"Solo\"]','Casa','hrtfgdhtfhjfyujguygj','2025-12-15 17:54:34','2025-12-15 17:54:34'),(4,10,'2025-12-16',1,'[\"Pánico\",\"Vacío\"]','[\"Pasatiempos\"]','[\"Pareja\"]','Escuela','WDWDWD','2025-12-16 20:42:13','2025-12-16 20:42:13'),(5,15,'2025-12-19',5,'[\"Disgustado\"]','[\"Trabajando\"]','[\"Amigos\"]','Exterior','holalla','2025-12-19 11:13:48','2025-12-19 11:13:48'),(6,15,'2025-12-21',3,'[\"Furioso\",\"Deprimido\",\"Vacío\"]','[\"Durmiendo\"]','[\"Solo\"]','Escuela','uwu','2025-12-21 22:09:18','2025-12-21 22:09:18'),(7,15,'2025-12-26',3,'[\"Pánico\",\"Disgustado\"]','[\"Viajando\"]','[\"Solo\"]','Exterior','drggd','2025-12-26 11:58:26','2025-12-26 11:58:26'),(8,15,'2025-12-28',5,'[\"Furioso\",\"Sin esperanza\"]','[\"Viajando\"]','[\"Solo\"]','Exterior','estoy mal uwu','2025-12-28 15:27:51','2025-12-28 15:27:51'),(9,26,'2025-12-28',2,'[\"Vacío\"]','[\"Trabajando\"]','[\"Solo\"]','Exterior','no','2025-12-28 19:23:01','2025-12-28 19:23:01'),(10,15,'2025-12-29',4,'[\"Vacío\",\"Furioso\"]','[\"Trabajando\"]','[\"Amigos\"]','Escuela','hola iei','2025-12-29 10:56:17','2025-12-29 10:56:17'),(11,10,'2026-01-02',2,'[\"Herido\",\"Furioso\",\"Aterrorizado\"]','[\"Trabajando\"]','[\"Amigos\"]','Exterior','cvbv','2026-01-01 23:06:38','2026-01-01 23:06:38'),(12,37,'2026-01-03',4,'[\"Aterrorizado\",\"Vacío\"]','[\"Trabajando\"]','[\"Amigos\"]','Casa','Muy bien porque esooy con gente','2026-01-03 18:18:42','2026-01-03 18:18:42'),(13,38,'2026-01-03',4,'[\"Furioso\",\"Herido\"]','[\"Durmiendo\"]','[\"Amigos\"]','Exterior','hoal','2026-01-03 18:46:22','2026-01-03 18:46:22'),(14,15,'2026-01-03',4,'[\"Disgustado\"]',NULL,'[\"Solo\"]',NULL,'kk','2026-01-03 19:00:50','2026-01-03 19:00:50');
/*!40000 ALTER TABLE `daily_mood_entries` ENABLE KEYS */;
UNLOCK TABLES;

--
-- Table structure for table `evaluation_test_results`
--

DROP TABLE IF EXISTS `evaluation_test_results`;
/*!40101 SET @saved_cs_client     = @@character_set_client */;
/*!50503 SET character_set_client = utf8mb4 */;
CREATE TABLE `evaluation_test_results` (
  `id` bigint NOT NULL AUTO_INCREMENT,
  `user_id` bigint NOT NULL,
  `test_id` bigint NOT NULL,
  `session_id` varchar(100) COLLATE utf8mb4_unicode_ci DEFAULT NULL,
  `score` decimal(10,2) DEFAULT NULL,
  `level` varchar(50) COLLATE utf8mb4_unicode_ci DEFAULT NULL,
  `answers` text COLLATE utf8mb4_unicode_ci,
  `completed_at` timestamp NULL DEFAULT CURRENT_TIMESTAMP,
  PRIMARY KEY (`id`),
  KEY `idx_evaluation_results_user` (`user_id`,`completed_at`),
  KEY `idx_evaluation_results_test` (`test_id`),
  CONSTRAINT `evaluation_test_results_ibfk_1` FOREIGN KEY (`user_id`) REFERENCES `users` (`id`) ON DELETE CASCADE,
  CONSTRAINT `evaluation_test_results_ibfk_2` FOREIGN KEY (`test_id`) REFERENCES `evaluation_tests` (`id`) ON DELETE CASCADE
) ENGINE=InnoDB DEFAULT CHARSET=utf8mb4 COLLATE=utf8mb4_unicode_ci;
/*!40101 SET character_set_client = @saved_cs_client */;

--
-- Dumping data for table `evaluation_test_results`
--

LOCK TABLES `evaluation_test_results` WRITE;
/*!40000 ALTER TABLE `evaluation_test_results` DISABLE KEYS */;
/*!40000 ALTER TABLE `evaluation_test_results` ENABLE KEYS */;
UNLOCK TABLES;

--
-- Table structure for table `evaluation_tests`
--

DROP TABLE IF EXISTS `evaluation_tests`;
/*!40101 SET @saved_cs_client     = @@character_set_client */;
/*!50503 SET character_set_client = utf8mb4 */;
CREATE TABLE `evaluation_tests` (
  `id` bigint NOT NULL AUTO_INCREMENT,
  `code` varchar(50) COLLATE utf8mb4_unicode_ci NOT NULL,
  `title` varchar(200) COLLATE utf8mb4_unicode_ci NOT NULL,
  `description` text COLLATE utf8mb4_unicode_ci,
  `category` varchar(100) COLLATE utf8mb4_unicode_ci NOT NULL,
  `topic` varchar(100) COLLATE utf8mb4_unicode_ci NOT NULL,
  `active` tinyint(1) DEFAULT '1',
  `created_at` timestamp NULL DEFAULT CURRENT_TIMESTAMP,
  `updated_at` timestamp NULL DEFAULT CURRENT_TIMESTAMP ON UPDATE CURRENT_TIMESTAMP,
  PRIMARY KEY (`id`),
  UNIQUE KEY `code` (`code`),
  KEY `idx_evaluation_tests_category_topic` (`category`,`topic`,`active`)
) ENGINE=InnoDB AUTO_INCREMENT=8 DEFAULT CHARSET=utf8mb4 COLLATE=utf8mb4_unicode_ci;
/*!40101 SET character_set_client = @saved_cs_client */;

--
-- Dumping data for table `evaluation_tests`
--

LOCK TABLES `evaluation_tests` WRITE;
/*!40000 ALTER TABLE `evaluation_tests` DISABLE KEYS */;
INSERT INTO `evaluation_tests` VALUES (1,'ANXIETY_GAD7','Test de Ansiedad Generalizada (GAD-7)','Evalúa tu nivel de ansiedad generalizada','EVALUATION','Prueba',1,'2025-12-11 18:10:14','2025-12-15 18:36:37'),(2,'ANXIETY_PANIC','Test de Ataques de Pánico','Identifica síntomas de ataques de pánico','EVALUATION','Ansiedad',1,'2025-12-11 18:10:14','2025-12-15 18:30:08'),(3,'ANXIETY_SOCIAL','Test de Ansiedad Social','Evalúa tu nivel de ansiedad en situaciones sociales','EVALUATION','caniche',1,'2025-12-11 18:10:14','2025-12-15 18:45:29'),(4,'DISCOVERY_PERSONALITY','Descubre tu Personalidad','Explora los rasgos de tu personalidad','DISCOVERY','Personalidad',1,'2025-12-11 18:10:14','2025-12-11 18:10:14'),(5,'DISCOVERY_STRESS','Nivel de Estrés','Identifica tus niveles de estrés actuales','DISCOVERY','Estrés',1,'2025-12-11 18:10:14','2025-12-11 18:10:14'),(6,'DISCOVERY_MINDFULNESS','Nivel de Mindfulness','Descubre qué tan presente estás en el momento','DISCOVERY','Estrés',1,'2025-12-11 18:10:14','2025-12-21 22:11:15'),(7,'SECTION_PLACEHOLDER_EVALUATION_PRUEBA','[Sección: Prueba]','Sección creada - Puedes agregar tests aquí','EVALUATION','Prueba',0,'2025-12-15 18:31:48','2025-12-15 18:31:48');
/*!40000 ALTER TABLE `evaluation_tests` ENABLE KEYS */;
UNLOCK TABLES;

--
-- Table structure for table `factor_results`
--

DROP TABLE IF EXISTS `factor_results`;
/*!40101 SET @saved_cs_client     = @@character_set_client */;
/*!50503 SET character_set_client = utf8mb4 */;
CREATE TABLE `factor_results` (
  `id` bigint NOT NULL AUTO_INCREMENT,
  `user_id` bigint NOT NULL,
  `test_id` bigint NOT NULL,
  `factor_id` bigint NOT NULL,
  `score` decimal(10,2) NOT NULL,
  `max_score` decimal(10,2) NOT NULL,
  `percentage` decimal(5,2) NOT NULL,
  `created_at` timestamp NULL DEFAULT CURRENT_TIMESTAMP,
  PRIMARY KEY (`id`),
  UNIQUE KEY `user_id` (`user_id`,`test_id`,`factor_id`),
  KEY `test_id` (`test_id`),
  KEY `factor_id` (`factor_id`),
  KEY `idx_factor_results_user_test` (`user_id`,`test_id`),
  CONSTRAINT `factor_results_ibfk_1` FOREIGN KEY (`user_id`) REFERENCES `users` (`id`) ON DELETE CASCADE,
  CONSTRAINT `factor_results_ibfk_2` FOREIGN KEY (`test_id`) REFERENCES `tests` (`id`) ON DELETE CASCADE,
  CONSTRAINT `factor_results_ibfk_3` FOREIGN KEY (`factor_id`) REFERENCES `factors` (`id`) ON DELETE CASCADE
) ENGINE=InnoDB AUTO_INCREMENT=68 DEFAULT CHARSET=utf8mb4 COLLATE=utf8mb4_unicode_ci;
/*!40101 SET character_set_client = @saved_cs_client */;

--
-- Dumping data for table `factor_results`
--

LOCK TABLES `factor_results` WRITE;
/*!40000 ALTER TABLE `factor_results` DISABLE KEYS */;
INSERT INTO `factor_results` VALUES (11,6,12,21,17.00,20.00,85.00,'2025-11-04 15:15:27'),(12,6,12,22,16.00,20.00,80.00,'2025-11-04 15:15:27'),(13,6,12,23,16.00,20.00,80.00,'2025-11-04 15:15:27'),(14,6,12,24,14.00,20.00,70.00,'2025-11-04 15:15:27'),(15,6,12,25,16.00,20.00,80.00,'2025-11-04 15:15:27'),(16,7,12,21,14.00,20.00,70.00,'2025-11-04 15:24:34'),(17,7,12,22,13.00,20.00,65.00,'2025-11-04 15:24:34'),(18,7,12,23,12.00,20.00,60.00,'2025-11-04 15:24:34'),(19,7,12,24,13.00,20.00,65.00,'2025-11-04 15:24:34'),(20,7,12,25,16.00,20.00,80.00,'2025-11-04 15:24:34'),(21,10,12,21,16.00,20.00,80.00,'2025-11-07 10:23:59'),(22,10,12,22,14.00,20.00,70.00,'2025-11-07 10:23:59'),(23,10,12,23,13.00,20.00,65.00,'2025-11-07 10:23:59'),(24,10,12,24,12.00,20.00,60.00,'2025-11-07 10:24:00'),(25,10,12,25,11.00,20.00,55.00,'2025-11-07 10:24:00'),(26,11,12,21,14.00,20.00,70.00,'2025-11-08 11:09:41'),(27,11,12,22,10.00,20.00,50.00,'2025-11-08 11:09:41'),(28,11,12,23,12.00,20.00,60.00,'2025-11-08 11:09:41'),(29,11,12,24,13.00,20.00,65.00,'2025-11-08 11:09:41'),(30,11,12,25,11.00,20.00,55.00,'2025-11-08 11:09:41'),(31,12,12,21,13.00,20.00,65.00,'2025-11-09 10:48:01'),(32,12,12,22,12.00,20.00,60.00,'2025-11-09 10:48:01'),(33,12,12,23,11.00,20.00,55.00,'2025-11-09 10:48:01'),(34,12,12,24,12.00,20.00,60.00,'2025-11-09 10:48:01'),(35,12,12,25,8.00,20.00,40.00,'2025-11-09 10:48:01'),(36,13,12,21,9.00,15.00,60.00,'2025-11-11 10:04:11'),(37,13,12,22,10.00,20.00,50.00,'2025-11-11 10:04:11'),(38,13,12,23,9.00,20.00,45.00,'2025-11-11 10:04:11'),(39,13,12,24,19.00,25.00,76.00,'2025-11-11 10:04:11'),(40,13,12,25,16.00,20.00,80.00,'2025-11-11 10:04:11'),(41,14,12,21,12.00,15.00,80.00,'2025-11-12 14:26:17'),(42,14,12,22,14.00,20.00,70.00,'2025-11-12 14:26:17'),(43,14,12,23,13.00,20.00,65.00,'2025-11-12 14:26:17'),(44,14,12,24,19.00,25.00,76.00,'2025-11-12 14:26:17'),(45,14,12,25,12.00,20.00,60.00,'2025-11-12 14:26:17'),(46,15,12,21,12.00,15.00,80.00,'2025-11-14 12:00:54'),(47,15,12,22,13.00,20.00,65.00,'2025-11-14 12:00:54'),(48,15,12,23,13.00,20.00,65.00,'2025-11-14 12:00:54'),(49,15,12,24,15.00,25.00,60.00,'2025-11-14 12:00:54'),(50,15,12,25,10.00,20.00,50.00,'2025-11-14 12:00:54'),(51,15,24,48,2.00,5.00,40.00,'2025-11-17 20:33:05'),(52,15,24,49,5.00,5.00,100.00,'2025-11-17 20:33:05'),(53,15,25,54,5.00,5.00,100.00,'2025-11-17 21:02:12'),(54,15,26,59,4.00,5.00,80.00,'2025-11-17 21:07:26'),(55,15,26,60,4.00,5.00,80.00,'2025-11-17 21:07:26'),(56,17,12,21,12.00,15.00,80.00,'2025-11-18 09:07:32'),(57,17,12,22,13.00,20.00,65.00,'2025-11-18 09:07:32'),(58,17,12,23,9.00,20.00,45.00,'2025-11-18 09:07:32'),(59,17,12,24,17.00,25.00,68.00,'2025-11-18 09:07:32'),(60,17,12,25,9.00,20.00,45.00,'2025-11-18 09:07:32'),(61,17,26,59,1.00,5.00,20.00,'2025-11-18 09:12:35'),(62,17,26,60,5.00,5.00,100.00,'2025-11-18 09:12:35'),(63,21,12,21,11.00,15.00,73.33,'2025-12-01 20:47:58'),(64,21,12,22,14.00,20.00,70.00,'2025-12-01 20:47:58'),(65,21,12,23,15.00,20.00,75.00,'2025-12-01 20:47:58'),(66,21,12,24,17.00,25.00,68.00,'2025-12-01 20:47:58'),(67,21,12,25,11.00,20.00,55.00,'2025-12-01 20:47:58');
/*!40000 ALTER TABLE `factor_results` ENABLE KEYS */;
UNLOCK TABLES;

--
-- Table structure for table `factors`
--

DROP TABLE IF EXISTS `factors`;
/*!40101 SET @saved_cs_client     = @@character_set_client */;
/*!50503 SET character_set_client = utf8mb4 */;
CREATE TABLE `factors` (
  `id` bigint NOT NULL AUTO_INCREMENT,
  `test_id` bigint NOT NULL,
  `code` varchar(50) COLLATE utf8mb4_unicode_ci NOT NULL,
  `name` varchar(100) COLLATE utf8mb4_unicode_ci NOT NULL,
  `description` text COLLATE utf8mb4_unicode_ci,
  `position` int NOT NULL,
  PRIMARY KEY (`id`),
  UNIQUE KEY `test_id` (`test_id`,`code`),
  CONSTRAINT `factors_ibfk_1` FOREIGN KEY (`test_id`) REFERENCES `tests` (`id`) ON DELETE CASCADE
) ENGINE=InnoDB AUTO_INCREMENT=71 DEFAULT CHARSET=utf8mb4 COLLATE=utf8mb4_unicode_ci;
/*!40101 SET character_set_client = @saved_cs_client */;

--
-- Dumping data for table `factors`
--

LOCK TABLES `factors` WRITE;
/*!40000 ALTER TABLE `factors` DISABLE KEYS */;
INSERT INTO `factors` VALUES (11,18,'sociales','Competencias sociales','Competencias relacionadas con la interacción social',1),(12,18,'autonomia','Competencias de autonomía e independencia','Competencias relacionadas con la autonomía e independencia',2),(13,18,'apertura','Competencias de apertura y adaptación','Competencias relacionadas con la apertura y adaptación',3),(14,18,'autocontrol','Competencias de autocontrol','Competencias relacionadas con el autocontrol',4),(15,18,'ansiedad','Competencias de gestión de la ansiedad','Competencias relacionadas con la gestión de la ansiedad',5),(21,12,'sociales','Competencias sociales','Competencias relacionadas con la interacción social',1),(22,12,'autonomia','Competencias de autonomía e independencia','Competencias relacionadas con la autonomía e independencia',2),(23,12,'apertura','Competencias de apertura y adaptación','Competencias relacionadas con la apertura y adaptación',3),(24,12,'autocontrol','Competencias de autocontrol','Competencias relacionadas con el autocontrol',4),(25,12,'ansiedad','Competencias de gestión de la ansiedad','Competencias relacionadas con la gestión de la ansiedad',5),(26,20,'sociales','Competencias sociales','Competencias relacionadas con la interacción social',1),(27,20,'autonomia','Competencias de autonomía e independencia','Competencias relacionadas con la autonomía e independencia',2),(28,20,'apertura','Competencias de apertura y adaptación','Competencias relacionadas con la apertura y adaptación',3),(29,20,'autocontrol','Competencias de autocontrol','Competencias relacionadas con el autocontrol',4),(30,20,'ansiedad','Competencias de gestión de la ansiedad','Competencias relacionadas con la gestión de la ansiedad',5),(31,21,'sociales','Competencias sociales','Competencias relacionadas con la interacción social',1),(32,21,'autonomia','Competencias de autonomía e independencia','Competencias relacionadas con la autonomía e independencia',2),(33,21,'apertura','Competencias de apertura y adaptación','Competencias relacionadas con la apertura y adaptación',3),(34,21,'autocontrol','Competencias de autocontrol','Competencias relacionadas con el autocontrol',4),(35,21,'ansiedad','Competencias de gestión de la ansiedad','Competencias relacionadas con la gestión de la ansiedad',5),(41,23,'sociales','Competencias sociales','Competencias relacionadas con la interacción social',1),(42,23,'autonomia','Competencias de autonomía e independencia','Competencias relacionadas con la autonomía e independencia',2),(43,23,'apertura','Competencias de apertura y adaptación','Competencias relacionadas con la apertura y adaptación',3),(44,23,'autocontrol','Competencias de autocontrol','Competencias relacionadas con el autocontrol',4),(45,23,'ansiedad','Competencias de gestión de la ansiedad','Competencias relacionadas con la gestión de la ansiedad',5),(46,24,'sociales','Competencias sociales','Competencias relacionadas con la interacción social',1),(47,24,'autonomia','Competencias de autonomía e independencia','Competencias relacionadas con la autonomía e independencia',2),(48,24,'apertura','Competencias de apertura y adaptación','Competencias relacionadas con la apertura y adaptación',3),(49,24,'autocontrol','Competencias de autocontrol','Competencias relacionadas con el autocontrol',4),(50,24,'ansiedad','Competencias de gestión de la ansiedad','Competencias relacionadas con la gestión de la ansiedad',5),(51,25,'sociales','Competencias sociales','Competencias relacionadas con la interacción social',1),(52,25,'autonomia','Competencias de autonomía e independencia','Competencias relacionadas con la autonomía e independencia',2),(53,25,'apertura','Competencias de apertura y adaptación','Competencias relacionadas con la apertura y adaptación',3),(54,25,'autocontrol','Competencias de autocontrol','Competencias relacionadas con el autocontrol',4),(55,25,'ansiedad','Competencias de gestión de la ansiedad','Competencias relacionadas con la gestión de la ansiedad',5),(56,26,'sociales','Competencias sociales','Competencias relacionadas con la interacción social',1),(57,26,'autonomia','Competencias de autonomía e independencia','Competencias relacionadas con la autonomía e independencia',2),(58,26,'apertura','Competencias de apertura y adaptación','Competencias relacionadas con la apertura y adaptación',3),(59,26,'autocontrol','Competencias de autocontrol','Competencias relacionadas con el autocontrol',4),(60,26,'ansiedad','Competencias de gestión de la ansiedad','Competencias relacionadas con la gestión de la ansiedad',5),(61,29,'sociales','Competencias sociales','Competencias relacionadas con la interacción social',1),(62,29,'autonomia','Competencias de autonomía e independencia','Competencias relacionadas con la autonomía e independencia',2),(63,29,'apertura','Competencias de apertura y adaptación','Competencias relacionadas con la apertura y adaptación',3),(64,29,'autocontrol','Competencias de autocontrol','Competencias relacionadas con el autocontrol',4),(65,29,'ansiedad','Competencias de gestión de la ansiedad','Competencias relacionadas con la gestión de la ansiedad',5),(66,28,'sociales','Competencias sociales','Competencias relacionadas con la interacción social',1),(67,28,'autonomia','Competencias de autonomía e independencia','Competencias relacionadas con la autonomía e independencia',2),(68,28,'apertura','Competencias de apertura y adaptación','Competencias relacionadas con la apertura y adaptación',3),(69,28,'autocontrol','Competencias de autocontrol','Competencias relacionadas con el autocontrol',4),(70,28,'ansiedad','Competencias de gestión de la ansiedad','Competencias relacionadas con la gestión de la ansiedad',5);
/*!40000 ALTER TABLE `factors` ENABLE KEYS */;
UNLOCK TABLES;

--
-- Table structure for table `flyway_schema_history`
--

DROP TABLE IF EXISTS `flyway_schema_history`;
/*!40101 SET @saved_cs_client     = @@character_set_client */;
/*!50503 SET character_set_client = utf8mb4 */;
CREATE TABLE `flyway_schema_history` (
  `installed_rank` int NOT NULL,
  `version` varchar(50) COLLATE utf8mb4_unicode_ci DEFAULT NULL,
  `description` varchar(200) COLLATE utf8mb4_unicode_ci NOT NULL,
  `type` varchar(20) COLLATE utf8mb4_unicode_ci NOT NULL,
  `script` varchar(1000) COLLATE utf8mb4_unicode_ci NOT NULL,
  `checksum` int DEFAULT NULL,
  `installed_by` varchar(100) COLLATE utf8mb4_unicode_ci NOT NULL,
  `installed_on` timestamp NOT NULL DEFAULT CURRENT_TIMESTAMP,
  `execution_time` int NOT NULL,
  `success` tinyint(1) NOT NULL,
  PRIMARY KEY (`installed_rank`),
  KEY `flyway_schema_history_s_idx` (`success`)
) ENGINE=InnoDB DEFAULT CHARSET=utf8mb4 COLLATE=utf8mb4_unicode_ci;
/*!40101 SET character_set_client = @saved_cs_client */;

--
-- Dumping data for table `flyway_schema_history`
--

LOCK TABLES `flyway_schema_history` WRITE;
/*!40000 ALTER TABLE `flyway_schema_history` DISABLE KEYS */;
INSERT INTO `flyway_schema_history` VALUES (1,'1','baseline','SQL','V1__baseline.sql',1266848953,'root','2025-10-28 12:28:30',3,1),(2,'2','schema core','SQL','V2__schema_core.sql',-1834246099,'root','2025-10-28 12:28:30',130,1),(3,'3','user role','SQL','V3__user_role.sql',1930134680,'root','2025-10-28 12:50:57',53,1),(4,'4','fix user answers numeric','SQL','V4__fix_user_answers_numeric.sql',702751111,'root','2025-10-28 12:54:04',71,1),(5,'5','add correct answer flag','SQL','V5__add_correct_answer_flag.sql',101362388,'root','2025-10-29 20:37:27',90,1),(6,'6','add psychological structure','SQL','V6__add_psychological_structure.sql',476837180,'root','2025-11-04 12:46:29',339,1),(7,'7','create initial test','SQL','V7__create_initial_test.sql',1814618216,'root','2025-11-04 16:11:34',8,1),(8,'8','update initial test structure','SQL','V8__update_initial_test_structure.sql',2062631163,'root','2025-11-04 16:11:34',37,1),(9,'9','update factor codes','SQL','V9__update_factor_codes.sql',116353401,'root','2025-11-04 18:44:20',54,1),(10,'10','user profile and relations','SQL','V10__user_profile_and_relations.sql',-234715411,'root','2025-11-05 09:17:16',242,1),(11,'11','tasks due date and assigned tests','SQL','V11__tasks_due_date_and_assigned_tests.sql',1014755675,'root','2025-11-16 20:24:26',222,1),(12,'12','task comments','SQL','V12__task_comments.sql',779454990,'root','2025-11-17 22:38:10',86,1),(13,'13','matching initial test','SQL','V13__matching_initial_test.sql',-625917982,'root','2025-11-24 12:56:31',229,1),(14,'14','update likert answers texts','SQL','V14__update_likert_answers_texts.sql',-637276818,'root','2025-11-28 15:51:26',53,1),(15,'15','add price to appointments','SQL','V15__add_price_to_appointments.sql',-1388180081,'root','2025-12-10 19:03:59',80,1),(16,'16','add email verification','SQL','V16__add_email_verification.sql',590160773,'root','2025-12-10 19:27:58',280,1),(17,'17','create 16pf test','SQL','V17__create_16pf_test.sql',1543505494,'root','2025-12-11 16:27:27',577,1),(18,'18','appointment requests and confirmation','SQL','V18__appointment_requests_and_confirmation.sql',-1002669586,'root','2025-12-11 16:27:28',356,1),(19,'19','daily mood and evaluation tests','SQL','V19__daily_mood_and_evaluation_tests.sql',16834638,'root','2025-12-11 18:10:14',269,1),(20,'20','seed evaluation tests','SQL','V20__seed_evaluation_tests.sql',191557878,'root','2025-12-11 18:10:14',6,1),(21,'21','fix 16pf factors and subfactors','SQL','V21__fix_16pf_factors_and_subfactors.sql',-432107404,'root','2025-12-11 19:14:14',43,1),(22,'22','add category and topic to tests','SQL','V22__add_category_and_topic_to_tests.sql',1148339579,'root','2025-12-15 19:42:00',117,1),(23,'23','create psychologist profiles','SQL','V23__create_psychologist_profiles.sql',-1922153402,'root','2025-12-17 17:35:30',97,1),(24,'24','create appointment ratings','SQL','V24__create_appointment_ratings.sql',570105958,'root','2025-12-17 18:47:53',180,1),(25,'25','create psychologist matching test','SQL','V25__create_psychologist_matching_test.sql',-747257601,'root','2025-12-28 18:28:39',77,1),(26,'26','create patient matching test','SQL','V26__create_patient_matching_test.sql',-1397594463,'root','2025-12-28 18:28:39',42,1),(27,'27','allow multiple answers per question','SQL','V27__allow_multiple_answers_per_question.sql',-1997909329,'root','2025-12-28 19:04:03',53,1),(28,'28','create test psychologists','SQL','V28__create_test_psychologists.sql',1629444667,'root','2025-12-28 21:18:06',143,1),(29,'29','add password reset fields','SQL','V29__add_password_reset_fields.sql',129832354,'root','2025-12-28 22:17:15',295,1);
/*!40000 ALTER TABLE `flyway_schema_history` ENABLE KEYS */;
UNLOCK TABLES;

--
-- Table structure for table `psychologist_profiles`
--

DROP TABLE IF EXISTS `psychologist_profiles`;
/*!40101 SET @saved_cs_client     = @@character_set_client */;
/*!50503 SET character_set_client = utf8mb4 */;
CREATE TABLE `psychologist_profiles` (
  `id` bigint NOT NULL AUTO_INCREMENT,
  `user_id` bigint NOT NULL,
  `bio` text COLLATE utf8mb4_unicode_ci,
  `education` text COLLATE utf8mb4_unicode_ci,
  `certifications` text COLLATE utf8mb4_unicode_ci,
  `interests` text COLLATE utf8mb4_unicode_ci,
  `specializations` text COLLATE utf8mb4_unicode_ci,
  `experience` text COLLATE utf8mb4_unicode_ci,
  `languages` text COLLATE utf8mb4_unicode_ci,
  `linkedin_url` varchar(500) COLLATE utf8mb4_unicode_ci DEFAULT NULL,
  `website` varchar(500) COLLATE utf8mb4_unicode_ci DEFAULT NULL,
  `updated_at` timestamp NULL DEFAULT CURRENT_TIMESTAMP ON UPDATE CURRENT_TIMESTAMP,
  PRIMARY KEY (`id`),
  UNIQUE KEY `user_id` (`user_id`),
  KEY `idx_psychologist_profile_user` (`user_id`),
  CONSTRAINT `psychologist_profiles_ibfk_1` FOREIGN KEY (`user_id`) REFERENCES `users` (`id`) ON DELETE CASCADE
) ENGINE=InnoDB AUTO_INCREMENT=2 DEFAULT CHARSET=utf8mb4 COLLATE=utf8mb4_unicode_ci;
/*!40101 SET character_set_client = @saved_cs_client */;

--
-- Dumping data for table `psychologist_profiles`
--

LOCK TABLES `psychologist_profiles` WRITE;
/*!40000 ALTER TABLE `psychologist_profiles` DISABLE KEYS */;
INSERT INTO `psychologist_profiles` VALUES (1,8,'test test test','[{\"degree\":\"Liccenciatura\",\"field\":\"test test test\",\"institution\":\"Universiadad test test test\",\"startDate\":\"2002\",\"endDate\":\"2003\"}]','[{\"name\":\"test test test\",\"issuer\":\"colegio de test test test\",\"date\":\"2002\",\"credentialId\":\"test test test\"}]',NULL,NULL,'[{\"title\":\"test test test\",\"company\":\"En mi casa\",\"description\":\"test test test por doquier\",\"startDate\":\"2002\",\"endDate\":\"\"}]','[{\"language\":\"Ingles\",\"level\":\"b2\"}]','','','2026-01-01 23:07:54');
/*!40000 ALTER TABLE `psychologist_profiles` ENABLE KEYS */;
UNLOCK TABLES;

--
-- Table structure for table `questions`
--

DROP TABLE IF EXISTS `questions`;
/*!40101 SET @saved_cs_client     = @@character_set_client */;
/*!50503 SET character_set_client = utf8mb4 */;
CREATE TABLE `questions` (
  `id` bigint NOT NULL AUTO_INCREMENT,
  `test_id` bigint NOT NULL,
  `text` varchar(500) COLLATE utf8mb4_unicode_ci NOT NULL,
  `type` varchar(30) COLLATE utf8mb4_unicode_ci NOT NULL,
  `position` int NOT NULL,
  `subfactor_id` bigint DEFAULT NULL,
  PRIMARY KEY (`id`),
  KEY `test_id` (`test_id`),
  KEY `subfactor_id` (`subfactor_id`),
  CONSTRAINT `questions_ibfk_1` FOREIGN KEY (`test_id`) REFERENCES `tests` (`id`) ON DELETE CASCADE,
  CONSTRAINT `questions_ibfk_2` FOREIGN KEY (`subfactor_id`) REFERENCES `subfactors` (`id`) ON DELETE SET NULL
) ENGINE=InnoDB AUTO_INCREMENT=315 DEFAULT CHARSET=utf8mb4 COLLATE=utf8mb4_unicode_ci;
/*!40101 SET character_set_client = @saved_cs_client */;

--
-- Dumping data for table `questions`
--

LOCK TABLES `questions` WRITE;
/*!40000 ALTER TABLE `questions` DISABLE KEYS */;
INSERT INTO `questions` VALUES (52,12,'Me siento cómodo mostrando cercanía afectiva con las personas','SINGLE',1,55),(53,12,'Tengo interés genuino por conocer a las personas','SINGLE',2,55),(54,12,'Muestro energía visible cuando interactúo con otros','SINGLE',3,56),(55,12,'Soy expresivo en mis interacciones sociales','SINGLE',4,66),(56,12,'Asumo el control cuando es necesario en las interacciones','SINGLE',5,59),(57,12,'Influyo en las decisiones del grupo cuando participo','SINGLE',6,59),(58,12,'Me atrevo a enfrentar situaciones nuevas con desenvoltura','SINGLE',7,60),(59,12,'Me siento cómodo cuando debo exponerme socialmente','SINGLE',8,60),(60,12,'Me guío por principios éticos en mis decisiones','SINGLE',9,63),(61,12,'Busco la armonía en mis relaciones con los demás','SINGLE',10,63),(62,12,'Tengo pensamiento imaginativo y genero ideas nuevas','SINGLE',11,64),(63,12,'Asocio ideas de formas creativas y originales','SINGLE',12,64),(64,12,'Soy responsable y cumplo con mis compromisos','SINGLE',13,66),(65,12,'Adhiero a normas y estándares establecidos','SINGLE',14,66),(66,12,'Mantengo la organización y el orden en mis actividades','SINGLE',15,67),(67,12,'Regulo mis emociones de manera efectiva','SINGLE',16,67),(68,12,'Mantengo la calma ante situaciones de estrés','SINGLE',17,68),(69,12,'Me recupero rápidamente después de situaciones difíciles','SINGLE',18,68),(70,12,'Tiendo a ser autocrítico con mis acciones','SINGLE',19,69),(71,12,'Siento tendencia a la culpabilidad cuando algo sale mal','SINGLE',20,69),(72,21,'Como eres de gay ','SINGLE',1,100),(74,24,'va a funcioinar ','SINGLE',1,152),(75,24,'soy gay ','SINGLE',2,149),(76,25,'uwu','SINGLE',1,169),(77,26,'UWU','SINGLE',1,187),(78,26,'UUNEW','SINGLE',2,185),(79,27,'¿Cuál es el motivo principal por el que buscas ayuda?','SINGLE',1,NULL),(80,27,'¿Tienes preferencia sobre el género del psicólogo?','SINGLE',2,NULL),(81,27,'¿Hay algo importante que te gustaría que tuviera tu psicólogo?','SINGLE',3,NULL),(82,27,'Me cuesta abrirme con personas nuevas.','SINGLE',4,NULL),(83,27,'Prefiero que me den pautas claras y estructuradas.','SINGLE',5,NULL),(84,27,'Me ayuda más alguien que escuche sin juzgar que alguien que dé indicaciones.','SINGLE',6,NULL),(85,27,'Cuando tengo un problema, quiero soluciones prácticas cuanto antes.','SINGLE',7,NULL),(86,27,'¿Has ido antes al psicólogo?','SINGLE',8,NULL),(87,27,'¿Cómo fue tu experiencia anterior?','SINGLE',9,NULL),(88,27,'¿Cuándo te viene mejor tener sesión? (puede elegir varias)','MULTI',10,NULL),(89,27,'¿Con qué frecuencia quieres tener sesiones?','SINGLE',11,NULL),(90,27,'¿Cuál es tu presupuesto aproximado por sesión?','SINGLE',12,NULL),(91,27,'¿Cómo describirías la urgencia de tu situación?','SINGLE',13,NULL),(92,27,'¿Cuál es tu edad?','NUMBER',14,NULL),(93,27,'¿Tienes alguna preferencia cultural o lingüística? (marca si aplica)','MULTI',15,NULL),(94,27,'¿Hay algo más que quieras comentar para ayudarte a elegir psicólogo?','TEXT',16,NULL),(95,28,'He comprendido bien las instrucciones para contestar al cuestionario:','SINGLE',1,NULL),(96,28,'Estoy dispuesto a contestar todas las cuestiones con sinceridad:','SINGLE',2,NULL),(97,28,'¿Cuales de las siguientes palabras es diferente de las otras dos?:','SINGLE',3,NULL),(98,28,'Poseo suficiente energía para enfrentarme a todos mis problemas:','SINGLE',4,NULL),(99,28,'Evito criticar a la gente y sus ideas:','SINGLE',5,NULL),(100,28,'Hago agudas y sarcásticas observaciones a la gente si creo que las merece:','SINGLE',6,NULL),(101,28,'Me gusta más la música semiclásica que las canciones populares:','SINGLE',7,NULL),(102,28,'Si veo peleándose a los niños de mis vecinos:','SINGLE',8,NULL),(103,28,'En situaciones sociales:','SINGLE',9,NULL),(104,28,'Sería más interesante ser:','SINGLE',10,NULL),(105,28,'Generalmente puedo tolerar a la gente presuntuosa, aunque fanfarronee o piense demasiado bien de ella misma:','SINGLE',11,NULL),(106,28,'Cuando una persona no es honrada, casi siempre se le puede notar en la cara:','SINGLE',12,NULL),(107,28,'Aceptaría mejor el riesgo de un trabajo donde pudiera terner ganacias mayores, aunque eventuales, que otro con sueldo pequeño, pero seguro:','SINGLE',13,NULL),(108,28,'De vez en cuando siento un vago temor o un repentino miedo, sin poder comprender las razones:','SINGLE',14,NULL),(109,28,'Cuando me critican duramente por algo que no he hecho:','SINGLE',15,NULL),(110,28,'Casi todo se puede comprar con dinero:','SINGLE',16,NULL),(111,28,'La mayoría de las personas serían más felices si convivieran más con la gente de su nivel e hicieran las cosas como los demás:','SINGLE',17,NULL),(112,28,'En ocasiones, mirándome en un espejo, me entrar dudas sobre lo que es mi derecha o izquierda:','SINGLE',18,NULL),(113,28,'Cuando algo realmente me pone furioso, suelo calmarme muy pronto:','SINGLE',19,NULL),(114,28,'Preferiría tener una casa:','SINGLE',20,NULL),(115,28,'Con el mismo horario y sueldo, sería más interesante ser:','SINGLE',21,NULL),(116,28,'\"Cansado\" es a trabajar como \"orgulloso\" es a:','SINGLE',22,NULL),(117,28,'Me pongo algo nervisoso ante animales salvajes, incluso cuando están encerrados en fuertes jaulas:','SINGLE',23,NULL),(118,28,'Una ley anticuada debería cambiarse:','SINGLE',24,NULL),(119,28,'La mayor parte de las personas me consideran una interlocutor agradable.:','SINGLE',25,NULL),(120,28,'Me gusta salir a divertirme o ir a un espectáculo:','SINGLE',26,NULL),(121,28,'Cuando veo gente desaliñada y sucia:','SINGLE',27,NULL),(122,28,'Estando en un grupo social me siento un poco turbado si de pronto paso a ser el foco de atención:','SINGLE',28,NULL),(123,28,'Cuando voy por la calle prefiero detenerme antes a ver a un artista pintando que a escuchar a la gente discutir:','SINGLE',29,NULL),(124,28,'Cuando me ponen al frente de algo, insisto en que se sigan mis instrucciones; en caso contrario, renuncio:','SINGLE',30,NULL),(125,28,'Serían mejor que las vacaciones fueran más largas y obligatorias para todas las personas:','SINGLE',31,NULL),(126,28,'Hablo acerca de mis sentimientos:','SINGLE',32,NULL),(127,28,'Me siento muy abatido cuando la gente me critica en un grupo:','SINGLE',33,NULL),(128,28,'Si mi jefe o profesor me llama a su despacho:','SINGLE',34,NULL),(129,28,'Mis decisiones se apoyan más en:','SINGLE',35,NULL),(130,28,'En mi adolescencia pertenecí a equipos deportivos:','SINGLE',36,NULL),(131,28,'Cuando hablo con alguien, me gusta:','SINGLE',37,NULL),(132,28,'A veces me pongo en estado de tensión y agitación cuando pienso en los sucesos del día:','SINGLE',38,NULL),(133,28,'He sido elegido para hacer algo:','SINGLE',39,NULL),(134,28,'¿Cuál de las siguientes cosas es diferente de las otras dos?:','SINGLE',40,NULL),(135,28,'\"Sorpresa\" es a \"extraño\" como \"miedo\" es a:','SINGLE',41,NULL),(136,28,'A veces no puedo dormir porque tengo una idea que me da vueltas en la cabeza:','SINGLE',42,NULL),(137,28,'Me siento desasosegado cuando trabajo en un proyecto que requiere una acción rápida que afecta a los demás:','SINGLE',43,NULL),(138,28,'Indudablemente tengo menos amigos que la mayoría de las personas:','SINGLE',44,NULL),(139,28,'Aborrecería tener que estar en un lugar donde hubiera poca gente con quien hablar:','SINGLE',45,NULL),(140,28,'Creo que es más importante mucha libertad que buena educación y respeto a la ley:','SINGLE',46,NULL),(141,28,'Siempre me alegra formar parte de un grupo grande, como una reunión, un baile o una asamblea:','SINGLE',47,NULL),(142,28,'En mi época de estudiante me gustaba (me gusta):','SINGLE',48,NULL),(143,28,'Si alguien se enfada conmigo:','SINGLE',49,NULL),(144,28,'Para los padres es más importante:','SINGLE',50,NULL),(145,28,'Siento de vez en cuando la necesidad de ocuparme en una actividad física enérgica:','SINGLE',51,NULL),(146,28,'Hay veces que no me siento con humor para ver a alguien:','SINGLE',52,NULL),(147,28,'A veces los demás me advierten que yo muestro mi excitación demasiado claramente en la voz y en los modales:','SINGLE',53,NULL),(148,28,'Lo que el mundo necesita es:','SINGLE',54,NULL),(149,28,'Preferiría tener un negocio propio, no compartido con otra persona:','SINGLE',55,NULL),(150,28,'Tengo mi habitación organizada de un modo inteligente y estético, con las cosas colocadas casi siempre en lugares conocidos:','SINGLE',56,NULL),(151,28,'En ocasiones dudo si la gente con la que estoy hablando se interesa realmente por lo que digo:','SINGLE',57,NULL),(152,28,'Si tuviera que escoger, preferiría ser:','SINGLE',58,NULL),(153,28,'¿Cuál de las siguientes fracciones es diferente a las otras dos?:','SINGLE',59,NULL),(154,28,'\"Tamaño\" es a \"longitud\" como \"delito\" es a:','SINGLE',60,NULL),(155,28,'En mi vida personal consigo casi siempre todos mis propósitos:','SINGLE',61,NULL),(156,28,'Tengo algunas características en las que que me siento claramente superior a la mayor parte de la gente:','SINGLE',62,NULL),(157,28,'Sólo asisto a actos sociales cuando estoy obligado, y me mantengo aparte en las demás ocasiones:','SINGLE',63,NULL),(158,28,'Es mejor ser cauto y esperar poco que optimista y esperar siempre el éxito:','SINGLE',64,NULL),(159,28,'Algunas veces la gente dice que soy descuidado, aunque me considera una persona agradable:','SINGLE',65,NULL),(160,28,'Suelo permanecer callado delante de personas mayores (con mucha más experiencia, edad o jerarquía):','SINGLE',66,NULL),(161,28,'Tengo un buen sentido de la orientación (sitúo fácilmente los puntos cardinales), cuando me encuentro en un lugar desconocido:','SINGLE',67,NULL),(162,28,'Cuando leo en una revista un artículo tendencioso o injusto, me inclino más a olvidarlo que a replicar o \"devolver el golpe\":','SINGLE',68,NULL),(163,28,'En tareas de grupo, preferiría:','SINGLE',69,NULL),(164,28,'Me gustaría más andar con personas corteses que con individuos rebeldes y toscos:','SINGLE',70,NULL),(165,28,'Si mis conocidos me tratan mal o muestran que yo les disgusto:','SINGLE',71,NULL),(166,28,'Siempre estoy alerta ante los intentos de propaganda en las cosas que leo:','SINGLE',72,NULL),(167,28,'Me gustaría más gozar de la vida tranquilamente y a mi modo que ser admirado por mis resultados:','SINGLE',73,NULL),(168,28,'Para estar informado, prefiero:','SINGLE',74,NULL),(169,28,'Me encuentro formado (maduro) para la mayor parte de las cosas:','SINGLE',75,NULL),(170,28,'Me encuentro más abatido que ayudado por el tipo de crítica que la gente suele hacer:','SINGLE',76,NULL),(171,28,'En las fiestas de cumpleaños:','SINGLE',77,NULL),(172,28,'\"AB\" es a \"dc\" como \"SR\" es:','SINGLE',78,NULL),(173,28,'\"Mejor\" es a \"pésimo\" como \"menor\" es a:','SINGLE',79,NULL),(174,28,'Mis amigos me han fallado:','SINGLE',80,NULL),(175,28,'Cuando me siento abatido hago grandes esfuerzos por ocultar mis sentimientos a los demás:','SINGLE',81,NULL),(176,28,'Gasto gran parte de mi tiempo libre hablando con los amigos sobre situaciones sociales agradables vividas en el pasado:','SINGLE',82,NULL),(177,28,'Pensando en las dificultades de mi trabajo:','SINGLE',83,NULL),(178,28,'Me cuesta bastante hablar o dirigir la palabra a un grupo numeroso:','SINGLE',84,NULL),(179,28,'He experimentado en varias situaciones sociales el llamado \"nerviosismo del orador\":','SINGLE',85,NULL),(180,28,'Prefiero leer:','SINGLE',86,NULL),(181,28,'Cuando la gente autoritaria trata de dominarme, hago justamente lo contrario a lo que quiere:','SINGLE',87,NULL),(182,28,'Suelo olvidar muchas cosas triviales y sin importancia, tales como los nombres de las calles y tiendas de la ciudad:','SINGLE',88,NULL),(183,28,'Me gustaría la profesión de veterinario, ocupado con las enfermedades y curación de los animales:','SINGLE',89,NULL),(184,28,'Me resulta embarazoso que me dediquen elogios o cumplidos:','SINGLE',90,NULL),(185,28,'Siendo adolescente, cuando mi opinión era distinta a la de mis padres, normalmente:','SINGLE',91,NULL),(186,28,'Me gusta tomar parte activa en las tareas sociales, trabajos de comité, etc.:','SINGLE',92,NULL),(187,28,'Al llevar a cabo una tarea, no estoy satisfecho hasta que se ha considerado con toda atención el menor detalle:','SINGLE',93,NULL),(188,28,'Tengo ocasiones en que me es difícil alejar un sentimiento de compasión hacia mí mismo:','SINGLE',94,NULL),(189,28,'Siempre soy capaz de controlar perfectamente la expresión de mis sentimientos:','SINGLE',95,NULL),(190,28,'Ante un nuevo invento utilitario, me gustaría:','SINGLE',96,NULL),(191,28,'La sigueinte serie de letras XOOOOXXOOOXXX continúa con el grupo:','SINGLE',97,NULL),(192,28,'Algunas personas parecen ignorarme o evitarme, aunque no sé por qué:','SINGLE',98,NULL),(193,28,'La gente me trata menos razonablemente de lo que merecen mis buenas intenciones:','SINGLE',99,NULL),(194,28,'Aunque no sea en un grupo mixto de mujeres y hombres, me disgusta que se use un lenguaje obsceno:','SINGLE',100,NULL),(195,28,'Me gusta hacer cosas atrevidas y temerarias sólo por el placer de divertirme:','SINGLE',101,NULL),(196,28,'Me resulta molesta la vista de una habitación muy sucia:','SINGLE',102,NULL),(197,28,'Cuando estoy en un grupo pequeño, me agrada quedarme en un segundo término y dejar que otros lleven el peso de la conversación:','SINGLE',103,NULL),(198,28,'Me resulta fácil mezclarme con la gente en una reunión social:','SINGLE',104,NULL),(199,28,'Sería más interesante ser:','SINGLE',105,NULL),(200,28,'Por regla general, mis jefes y mi familia me encuentran defectos sólo cuando realmente existen:','SINGLE',106,NULL),(201,28,'Me disgusta el modo con que algunas personas se fijan en otras en la calle o en las tiendas:','SINGLE',107,NULL),(202,28,'Como los alimentos con gusto y placer, aunque no siempre tan cuidadosa y educadamente como otras personas:','SINGLE',108,NULL),(203,28,'Temo algún castigo incluso cuando no he hecho nada malo:','SINGLE',109,NULL),(204,28,'Me gustaría más tener un trabajo con:','SINGLE',110,NULL),(205,28,'Me molesta que la gente piense que mi comportamiento es demasiado raro o fuera de lo corriente:','SINGLE',111,NULL),(206,28,'A veces dejo que sentiemientos de envidia o celos influyan en mis acciones:','SINGLE',112,NULL),(207,28,'En ocasiones, contrariedades muy pequeñas me irritan mucho:','SINGLE',113,NULL),(208,28,'Siempre duermo, nunca hablo en sueños ni me levanto sonámbulo:','SINGLE',114,NULL),(209,28,'Me resultaría más interesante trabajar en una empresa:','SINGLE',115,NULL),(210,28,'\"Azada\" es a \"Cavar\" como \"Cuchillo\" es a:','SINGLE',116,NULL),(211,28,'Cuando la gente no es razonable, yo normalmente:','SINGLE',117,NULL),(212,28,'Si los demás hablan en voz alta cuando estoy escuchando música:','SINGLE',118,NULL),(213,28,'Creo que se me describe mejor como:','SINGLE',119,NULL),(214,28,'Preferiría vestirme con sencillez y corrección que con un estilo personal y llamativo:','SINGLE',120,NULL),(215,28,'Me niego a admitir sugerencias bien intencionadas de los demás aunque sé que no debería hacerlo:','SINGLE',121,NULL),(216,28,'Cuando es necesario que alguien emplee un poco de diplomacia y persuasión para conseguir que la gente actúe, generalmente sólo me lo encargan a mí:','SINGLE',122,NULL),(217,28,'Me considero a mí mismo como una persona muy abierta y sociable:','SINGLE',123,NULL),(218,28,'Me gusta la música:','SINGLE',124,NULL),(219,28,'Si estoy completamente seguro de que una persona es injusta o se comporta egoístamente, se lo digo, incluso si esto me causa problemas:','SINGLE',125,NULL),(220,28,'En un viaje largo, preferiría:','SINGLE',126,NULL),(221,28,'En una situación que puede llegar a ser peligrosa, creo que es mejor alborotar o hablar alto, aún cuando se pierdan la calma y la cortesía:','SINGLE',127,NULL),(222,28,'Es muy exagerada la idea de que la enfermedad proviene tanto de causas mentales como físicas:','SINGLE',128,NULL),(223,28,'En cualquier gran ceremonia oficial debería mantenerse la pompa y el esplendor:','SINGLE',129,NULL),(224,28,'Cuando hay algo que hacer algo, me gustaría más trabajar:','SINGLE',130,NULL),(225,28,'Creo firmemente que \"tal vez el jefe no tenga siempre la razón, pero siempre tiene la razón por ser el jefe\":','SINGLE',131,NULL),(226,28,'Suelo enfadarme con las personas demasiado pronto:','SINGLE',132,NULL),(227,28,'Siempre puedo cambiar viejos hábitos sin dificultad y sin volver a ellos:','SINGLE',133,NULL),(228,28,'Si el sueldo fuera el mismo, preferiría ser:','SINGLE',134,NULL),(229,28,'\"Llama\" es a \"Calor\" como \"Rosa\" es a:','SINGLE',135,NULL),(230,28,'Cuando se acerca el momento de algo que he planeado y he esperado, en ocasiones pierdo la ilusión por ello:','SINGLE',136,NULL),(231,28,'Puedo trabajar cuidadosamente en la mayor parte de las cosas sin que me molesten las personas que hacen mucho ruido a mi alrededor:','SINGLE',137,NULL),(232,28,'En ocasiones hablo a desconocidos sobre cosas que considero importantes, aunque no me pregunten sobre ellas:','SINGLE',138,NULL),(233,28,'Me atrae más pasar una tarde ocupada en una tarea tranquila a la que tenga afición que estar en una reunión animada:','SINGLE',139,NULL),(234,28,'Cuando debo decidir algo, tengo siempre presentes las reglas básicas de lo justo y lo injusto:','SINGLE',140,NULL),(235,28,'En el trato social:','SINGLE',141,NULL),(236,28,'Admiro más la belleza de un poema que la de un arma de fuego bien construida:','SINGLE',142,NULL),(237,28,'A veces digo en broma disparates, sólo para sorprender a la gente y ver qué responden:','SINGLE',143,NULL),(238,28,'Me agradaría ser un periodista que escribiera sobre teatro, conciertos, ópera, etc.:','SINGLE',144,NULL),(239,28,'Nunca siento la necesidad de garabatear, dibujar o moverme cuando estoy sentado en una reunión:','SINGLE',145,NULL),(240,28,'Si alguien me dice algo que yo sé que no es cierto, suelo pensar:','SINGLE',146,NULL),(241,28,'La gente me considera con justicia una persona activa pero con éxito sólo mediano:','SINGLE',147,NULL),(242,28,'Si se suscitara una controversia violenta entre otras miembros de un grupo de discusión:','SINGLE',148,NULL),(243,28,'Me gusta planear mis cosas solo, sin interrupciones y sugerencias de otros:','SINGLE',149,NULL),(244,28,'Me gusta seguir mis propios caminos en vez de actuar según normas establecidas:','SINGLE',150,NULL),(245,28,'Me pongo nervioso (tenso) cuando pienso en todas las cosas que tengo que hacer:','SINGLE',151,NULL),(246,28,'No me perturba que la gente me haga alguna sugerencia cuando estoy jugando:','SINGLE',152,NULL),(247,28,'Me parece más interesante ser:','SINGLE',153,NULL),(248,28,'¿Cuál de las siguientes palabras es diferente de las otras dos?:','SINGLE',154,NULL),(249,28,'He tenido sueños tan intensos que no me han dejado dormir bien:','SINGLE',155,NULL),(250,28,'Aunque tenga pocas posibilidades de éxito, creo que todavía me merece la pena correr el riesgo:','SINGLE',156,NULL),(251,28,'Cuando yo sé muy bien lo que el grupo tiene que hacer, me gusta ser el único en dar las órdenes:','SINGLE',157,NULL),(252,28,'Me consideran una persona muy entusiasta:','SINGLE',158,NULL),(253,28,'Soy una persona bastante estricta, e insisto siempre en hacer las cosas tan correctamente como sea posible:','SINGLE',159,NULL),(254,28,'Me disgusta un poco que la gente me esté mirando cuando trabajo:','SINGLE',160,NULL),(255,28,'Como no siempre es posible conseguir las cosas utilizando gradualmente métodos razonables, a veces es necesario emplear la fuerza:','SINGLE',161,NULL),(256,28,'Si se pasa por alto una buena observación mía:','SINGLE',162,NULL),(257,28,'Me gustaría hacer el trabajo de un oficial encargado de los casos de delincuentes bajo fianza:','SINGLE',163,NULL),(258,28,'Hay que ser prudente antes de mezclarse con cualquier desconocido, puesto que hay peligros de infección y de otro tipo:','SINGLE',164,NULL),(259,28,'En un viaje al extranjero, preferiría ir en un grupo organizado, con un experto, que planear yo mismo los lugares que deseo visitar:','SINGLE',165,NULL),(260,28,'Si la gente se aprovecha de mi amistad, no me quedo resentido y lo olvido pronto:','SINGLE',166,NULL),(261,28,'Creo que la sociedad debería aceptar nuevas costumbres, de acuerdo con la razón, y olvidar los viejos usos y tradiciones:','SINGLE',167,NULL),(262,28,'Aprendo mejor:','SINGLE',168,NULL),(263,28,'Me gusta esperar a estar seguro de que lo que voy a decir es correcto, antes de exponer mis ideas:','SINGLE',169,NULL),(264,28,'Algunas veces me \"sacan de quicio\" de un modo insoportable pequeñas cosas, aunque reconozca que son triviales:','SINGLE',170,NULL),(265,28,'No suelo decir, sin pensarlas, cosas que luego lamento mucho:','SINGLE',171,NULL),(266,28,'Si se me pidiera colaborar en una campaña caritativa:','SINGLE',172,NULL),(267,28,'\"Pronto\" es a \"nunca\" como \"cerca\" es a:','SINGLE',173,NULL),(268,28,'Si cometo una falta social desagradable, puedo olvidarla pronto:','SINGLE',174,NULL),(269,28,'Se me considera un \"hombre de ideas\" que casi siempre puede apuntar alguna solución a un problema:','SINGLE',175,NULL),(270,28,'Creo que se me da mejor mostrar:','SINGLE',176,NULL),(271,28,'Me gusta un trabajo que presente cambios, variedad y viajes, aunque implique algún peligro:','SINGLE',177,NULL),(272,28,'Me gusta un trabajo que requiera dotes de atención y exactitud:','SINGLE',178,NULL),(273,28,'Soy de ese tipo de personas con tanta energía que siempre están ocupadas:','SINGLE',179,NULL),(274,28,'En mi época de estudiante prefería (prefiero):','SINGLE',180,NULL),(275,28,'Algunas veces me ha turbado el que la gente diga a mi espalda cosas desagradables de mí sin fundamento:','SINGLE',181,NULL),(276,28,'Hablar con personas corrientes, convencionales y rutinarias:','SINGLE',182,NULL),(277,28,'Algunas cosas me irritan tanto que creo que entonces lo mejor es no hablar:','SINGLE',183,NULL),(278,28,'En la formación del niño, es más importante:','SINGLE',184,NULL),(279,28,'Los demás me consideran una persona firme e impreturbable, impasible ante los vaivenes de las circunstancias:','SINGLE',185,NULL),(280,28,'Creo que en el mundo actual es más importante resolver:','SINGLE',186,NULL),(281,28,'Creo que no me he saltado ninguna cuestión y he contestado a todas de modo apropiado:','SINGLE',187,NULL),(282,30,'¿En qué modalidades trabajas actualmente?','MULTIPLE',1,NULL),(283,30,'¿Tienes formación específica en infancia/adolescencia?','SINGLE',2,NULL),(284,30,'¿Cuál es tu experiencia mínima con menores?','SINGLE',3,NULL),(285,30,'¿Cuántos años de experiencia clínica real tienes?','SINGLE',4,NULL),(286,30,'¿Cuáles son tus áreas de trabajo principales?','MULTIPLE',5,NULL),(287,30,'En general, ¿qué nivel de complejidad clínica trabajas con mayor frecuencia?','SINGLE',6,NULL),(288,30,'¿Cuál es tu orientación principal?','MULTIPLE',7,NULL),(289,30,'¿Cómo describirías tu forma habitual de trabajar?','SINGLE',8,NULL),(290,30,'¿Con qué población te sientes más cómodo/a?','SINGLE',9,NULL),(291,30,'¿Cuál es tu experiencia en crisis vitales recientes? (divorcio, duelo, cambios vitales)','SINGLE',10,NULL),(292,30,'¿En qué idiomas trabajas?','MULTIPLE',11,NULL),(293,30,'¿Trabajas desde una perspectiva LGTBIQ+ afirmativa?','SINGLE',12,NULL),(294,30,'¿Cuál es tu género? (Autodeclarado, no se muestra como criterio explícito)','SINGLE',13,NULL),(295,30,'¿Qué horarios habituales tienes disponibles?','MULTIPLE',14,NULL),(296,30,'¿Cuál es tu frecuencia habitual de trabajo?','SINGLE',15,NULL),(297,30,'¿Tienes experiencia trabajando con pacientes que toman medicación psiquiátrica?','SINGLE',16,NULL),(298,30,'¿En qué casos consideras que NO eres el profesional más adecuado?','TEXT',17,NULL),(299,31,'¿Qué tipo de terapia buscas?','SINGLE',1,NULL),(300,31,'¿Cuál es tu fecha de nacimiento?','TEXT',2,NULL),(301,31,'¿Cuál describe mejor tu ocupación principal actual?','SINGLE',3,NULL),(302,31,'¿Tu trabajo implica toma de decisiones sobre otras personas? (Solo si marcaste opciones 3, 4, 5 o 6)','SINGLE',4,NULL),(303,31,'¿Cómo describirías tu situación de pareja actual?','SINGLE',5,NULL),(304,31,'¿Has vivido una ruptura de pareja significativa en los últimos 6 meses?','SINGLE',6,NULL),(305,31,'¿Te consideras una persona religiosa?','SINGLE',7,NULL),(306,31,'¿Qué te trae hoy a Gantly?','MULTIPLE',8,NULL),(307,31,'¿Desde cuándo te ocurre esto?','SINGLE',9,NULL),(308,31,'En las últimas 2 semanas, esto ha afectado a tu vida…','SINGLE',10,NULL),(309,31,'¿Has hecho terapia antes?','SINGLE',11,NULL),(310,31,'¿Actualmente tomas medicación psiquiátrica?','SINGLE',12,NULL),(311,31,'¿Con qué perfil te sentirías más cómodo/a?','SINGLE',13,NULL),(312,31,'¿En qué idioma prefieres realizar la terapia?','MULTIPLE',14,NULL),(313,31,'¿Qué estilo terapéutico prefieres?','SINGLE',15,NULL),(314,31,'¿Qué horarios te vendrían mejor para las sesiones?','MULTIPLE',16,NULL);
/*!40000 ALTER TABLE `questions` ENABLE KEYS */;
UNLOCK TABLES;

--
-- Table structure for table `subfactors`
--

DROP TABLE IF EXISTS `subfactors`;
/*!40101 SET @saved_cs_client     = @@character_set_client */;
/*!50503 SET character_set_client = utf8mb4 */;
CREATE TABLE `subfactors` (
  `id` bigint NOT NULL AUTO_INCREMENT,
  `test_id` bigint NOT NULL,
  `code` varchar(10) COLLATE utf8mb4_unicode_ci NOT NULL,
  `name` varchar(100) COLLATE utf8mb4_unicode_ci NOT NULL,
  `description` text COLLATE utf8mb4_unicode_ci,
  `factor_id` bigint DEFAULT NULL,
  `position` int NOT NULL,
  PRIMARY KEY (`id`),
  UNIQUE KEY `test_id` (`test_id`,`code`),
  KEY `factor_id` (`factor_id`),
  CONSTRAINT `subfactors_ibfk_1` FOREIGN KEY (`test_id`) REFERENCES `tests` (`id`) ON DELETE CASCADE,
  CONSTRAINT `subfactors_ibfk_2` FOREIGN KEY (`factor_id`) REFERENCES `factors` (`id`) ON DELETE SET NULL
) ENGINE=InnoDB AUTO_INCREMENT=225 DEFAULT CHARSET=utf8mb4 COLLATE=utf8mb4_unicode_ci;
/*!40101 SET character_set_client = @saved_cs_client */;

--
-- Dumping data for table `subfactors`
--

LOCK TABLES `subfactors` WRITE;
/*!40000 ALTER TABLE `subfactors` DISABLE KEYS */;
INSERT INTO `subfactors` VALUES (21,18,'A','Extroversión','Cercanía afectiva, trato cordial e interés genuino por las personas.',11,1),(22,18,'F','Animación','Energía visible, expresividad en la interacción, tono vital alto.',11,2),(23,18,'N(-)','Espontaneidad / Privacidad–Astucia','Filtra y dosifica lo que muestra; gestiona su imagen y lee subtextos.',11,3),(24,18,'Q2(-)','Participación grupal','Preferencia por actuar solo; baja orientación grupal.',11,4),(25,18,'E','Dominancia','Asumir control e influir en interacciones.',12,1),(26,18,'H','Emprendimiento','Atrevimiento y desenvoltura ante exposición social y situaciones nuevas.',12,2),(27,18,'Q2','Autosuficiencia','Baja dependencia del grupo; autonomía para avanzar y decidir.',12,3),(28,18,'Q1','Crítico','Actitud analítica; revisa creencias y adopta cambios con evidencia.',12,4),(29,18,'I','Idealismo','Sensibilidad y orientación a principios éticos y armonía.',13,1),(30,18,'M','Creatividad','Pensamiento imaginativo y asociativo; generación de ideas nuevas.',13,2),(31,18,'Q1_AP','Apertura al cambio','Flexibilidad ante nuevas ideas y experiencias.',13,3),(32,18,'G','Sentido del deber','Responsabilidad, adherencia a normas y estándares.',14,1),(33,18,'Q3','Control de emociones','Perfeccionismo, organización y autorregulación emocional.',14,2),(34,18,'C','Estabilidad','Calma, equilibrio emocional y recuperación ante el estrés.',15,1),(35,18,'O','Aprehensión','Autocrítica, auto-duda y tendencia a la culpabilidad.',15,2),(36,18,'L','Vigilancia','Cautela, expectativa de segundas intenciones.',15,3),(37,18,'Q4','Tensión','Activación interna, impaciencia e irritabilidad ante contratiempos.',15,4),(55,12,'A','Extroversión','Cercanía afectiva, trato cordial e interés genuino por las personas.',21,1),(56,12,'F','Animación','Energía visible, expresividad en la interacción, tono vital alto.',21,2),(57,12,'N(-)','Espontaneidad / Privacidad–Astucia','Filtra y dosifica lo que muestra; gestiona su imagen y lee subtextos.',21,3),(58,12,'Q2(-)','Participación grupal','Preferencia por actuar solo; baja orientación grupal.',21,4),(59,12,'E','Dominancia','Asumir control e influir en interacciones.',22,1),(60,12,'H','Emprendimiento','Atrevimiento y desenvoltura ante exposición social y situaciones nuevas.',22,2),(61,12,'Q2','Autosuficiencia','Baja dependencia del grupo; autonomía para avanzar y decidir.',22,3),(62,12,'Q1','Crítico','Actitud analítica; revisa creencias y adopta cambios con evidencia.',22,4),(63,12,'I','Idealismo','Sensibilidad y orientación a principios éticos y armonía.',23,1),(64,12,'M','Creatividad','Pensamiento imaginativo y asociativo; generación de ideas nuevas.',23,2),(65,12,'Q1_AP','Apertura al cambio','Flexibilidad ante nuevas ideas y experiencias.',23,3),(66,12,'G','Sentido del deber','Responsabilidad, adherencia a normas y estándares.',24,1),(67,12,'Q3','Control de emociones','Perfeccionismo, organización y autorregulación emocional.',24,2),(68,12,'C','Estabilidad','Calma, equilibrio emocional y recuperación ante el estrés.',25,1),(69,12,'O','Aprehensión','Autocrítica, auto-duda y tendencia a la culpabilidad.',25,2),(70,12,'L','Vigilancia','Cautela, expectativa de segundas intenciones.',25,3),(71,12,'Q4','Tensión','Activación interna, impaciencia e irritabilidad ante contratiempos.',25,4),(72,20,'A','Extroversión','Cercanía afectiva, trato cordial e interés genuino por las personas.',26,1),(73,20,'F','Animación','Energía visible, expresividad en la interacción, tono vital alto.',26,2),(74,20,'N(-)','Espontaneidad / Privacidad–Astucia','Filtra y dosifica lo que muestra; gestiona su imagen y lee subtextos.',26,3),(75,20,'Q2(-)','Participación grupal','Preferencia por actuar solo; baja orientación grupal.',26,4),(76,20,'E','Dominancia','Asumir control e influir en interacciones.',27,1),(77,20,'H','Emprendimiento','Atrevimiento y desenvoltura ante exposición social y situaciones nuevas.',27,2),(78,20,'Q2','Autosuficiencia','Baja dependencia del grupo; autonomía para avanzar y decidir.',27,3),(79,20,'Q1','Crítico','Actitud analítica; revisa creencias y adopta cambios con evidencia.',27,4),(80,20,'I','Idealismo','Sensibilidad y orientación a principios éticos y armonía.',28,1),(81,20,'M','Creatividad','Pensamiento imaginativo y asociativo; generación de ideas nuevas.',28,2),(82,20,'Q1_AP','Apertura al cambio','Flexibilidad ante nuevas ideas y experiencias.',28,3),(83,20,'G','Sentido del deber','Responsabilidad, adherencia a normas y estándares.',29,1),(84,20,'Q3','Control de emociones','Perfeccionismo, organización y autorregulación emocional.',29,2),(85,20,'C','Estabilidad','Calma, equilibrio emocional y recuperación ante el estrés.',30,1),(86,20,'O','Aprehensión','Autocrítica, auto-duda y tendencia a la culpabilidad.',30,2),(87,20,'L','Vigilancia','Cautela, expectativa de segundas intenciones.',30,3),(88,20,'Q4','Tensión','Activación interna, impaciencia e irritabilidad ante contratiempos.',30,4),(89,21,'A','Extroversión','Cercanía afectiva, trato cordial e interés genuino por las personas.',31,1),(90,21,'F','Animación','Energía visible, expresividad en la interacción, tono vital alto.',31,2),(91,21,'N(-)','Espontaneidad / Privacidad–Astucia','Filtra y dosifica lo que muestra; gestiona su imagen y lee subtextos.',31,3),(92,21,'Q2(-)','Participación grupal','Preferencia por actuar solo; baja orientación grupal.',31,4),(93,21,'E','Dominancia','Asumir control e influir en interacciones.',32,1),(94,21,'H','Emprendimiento','Atrevimiento y desenvoltura ante exposición social y situaciones nuevas.',32,2),(95,21,'Q2','Autosuficiencia','Baja dependencia del grupo; autonomía para avanzar y decidir.',32,3),(96,21,'Q1','Crítico','Actitud analítica; revisa creencias y adopta cambios con evidencia.',32,4),(97,21,'I','Idealismo','Sensibilidad y orientación a principios éticos y armonía.',33,1),(98,21,'M','Creatividad','Pensamiento imaginativo y asociativo; generación de ideas nuevas.',33,2),(99,21,'Q1_AP','Apertura al cambio','Flexibilidad ante nuevas ideas y experiencias.',33,3),(100,21,'G','Sentido del deber','Responsabilidad, adherencia a normas y estándares.',34,1),(101,21,'Q3','Control de emociones','Perfeccionismo, organización y autorregulación emocional.',34,2),(102,21,'C','Estabilidad','Calma, equilibrio emocional y recuperación ante el estrés.',35,1),(103,21,'O','Aprehensión','Autocrítica, auto-duda y tendencia a la culpabilidad.',35,2),(104,21,'L','Vigilancia','Cautela, expectativa de segundas intenciones.',35,3),(105,21,'Q4','Tensión','Activación interna, impaciencia e irritabilidad ante contratiempos.',35,4),(123,23,'A','Extroversión','Cercanía afectiva, trato cordial e interés genuino por las personas.',41,1),(124,23,'F','Animación','Energía visible, expresividad en la interacción, tono vital alto.',41,2),(125,23,'N(-)','Espontaneidad / Privacidad–Astucia','Filtra y dosifica lo que muestra; gestiona su imagen y lee subtextos.',41,3),(126,23,'Q2(-)','Participación grupal','Preferencia por actuar solo; baja orientación grupal.',41,4),(127,23,'E','Dominancia','Asumir control e influir en interacciones.',42,1),(128,23,'H','Emprendimiento','Atrevimiento y desenvoltura ante exposición social y situaciones nuevas.',42,2),(129,23,'Q2','Autosuficiencia','Baja dependencia del grupo; autonomía para avanzar y decidir.',42,3),(130,23,'Q1','Crítico','Actitud analítica; revisa creencias y adopta cambios con evidencia.',42,4),(131,23,'I','Idealismo','Sensibilidad y orientación a principios éticos y armonía.',43,1),(132,23,'M','Creatividad','Pensamiento imaginativo y asociativo; generación de ideas nuevas.',43,2),(133,23,'Q1_AP','Apertura al cambio','Flexibilidad ante nuevas ideas y experiencias.',43,3),(134,23,'G','Sentido del deber','Responsabilidad, adherencia a normas y estándares.',44,1),(135,23,'Q3','Control de emociones','Perfeccionismo, organización y autorregulación emocional.',44,2),(136,23,'C','Estabilidad','Calma, equilibrio emocional y recuperación ante el estrés.',45,1),(137,23,'O','Aprehensión','Autocrítica, auto-duda y tendencia a la culpabilidad.',45,2),(138,23,'L','Vigilancia','Cautela, expectativa de segundas intenciones.',45,3),(139,23,'Q4','Tensión','Activación interna, impaciencia e irritabilidad ante contratiempos.',45,4),(140,24,'A','Extroversión','Cercanía afectiva, trato cordial e interés genuino por las personas.',46,1),(141,24,'F','Animación','Energía visible, expresividad en la interacción, tono vital alto.',46,2),(142,24,'N(-)','Espontaneidad / Privacidad–Astucia','Filtra y dosifica lo que muestra; gestiona su imagen y lee subtextos.',46,3),(143,24,'Q2(-)','Participación grupal','Preferencia por actuar solo; baja orientación grupal.',46,4),(144,24,'E','Dominancia','Asumir control e influir en interacciones.',47,1),(145,24,'H','Emprendimiento','Atrevimiento y desenvoltura ante exposición social y situaciones nuevas.',47,2),(146,24,'Q2','Autosuficiencia','Baja dependencia del grupo; autonomía para avanzar y decidir.',47,3),(147,24,'Q1','Crítico','Actitud analítica; revisa creencias y adopta cambios con evidencia.',47,4),(148,24,'I','Idealismo','Sensibilidad y orientación a principios éticos y armonía.',48,1),(149,24,'M','Creatividad','Pensamiento imaginativo y asociativo; generación de ideas nuevas.',48,2),(150,24,'Q1_AP','Apertura al cambio','Flexibilidad ante nuevas ideas y experiencias.',48,3),(151,24,'G','Sentido del deber','Responsabilidad, adherencia a normas y estándares.',49,1),(152,24,'Q3','Control de emociones','Perfeccionismo, organización y autorregulación emocional.',49,2),(153,24,'C','Estabilidad','Calma, equilibrio emocional y recuperación ante el estrés.',50,1),(154,24,'O','Aprehensión','Autocrítica, auto-duda y tendencia a la culpabilidad.',50,2),(155,24,'L','Vigilancia','Cautela, expectativa de segundas intenciones.',50,3),(156,24,'Q4','Tensión','Activación interna, impaciencia e irritabilidad ante contratiempos.',50,4),(157,25,'A','Extroversión','Cercanía afectiva, trato cordial e interés genuino por las personas.',51,1),(158,25,'F','Animación','Energía visible, expresividad en la interacción, tono vital alto.',51,2),(159,25,'N(-)','Espontaneidad / Privacidad–Astucia','Filtra y dosifica lo que muestra; gestiona su imagen y lee subtextos.',51,3),(160,25,'Q2(-)','Participación grupal','Preferencia por actuar solo; baja orientación grupal.',51,4),(161,25,'E','Dominancia','Asumir control e influir en interacciones.',52,1),(162,25,'H','Emprendimiento','Atrevimiento y desenvoltura ante exposición social y situaciones nuevas.',52,2),(163,25,'Q2','Autosuficiencia','Baja dependencia del grupo; autonomía para avanzar y decidir.',52,3),(164,25,'Q1','Crítico','Actitud analítica; revisa creencias y adopta cambios con evidencia.',52,4),(165,25,'I','Idealismo','Sensibilidad y orientación a principios éticos y armonía.',53,1),(166,25,'M','Creatividad','Pensamiento imaginativo y asociativo; generación de ideas nuevas.',53,2),(167,25,'Q1_AP','Apertura al cambio','Flexibilidad ante nuevas ideas y experiencias.',53,3),(168,25,'G','Sentido del deber','Responsabilidad, adherencia a normas y estándares.',54,1),(169,25,'Q3','Control de emociones','Perfeccionismo, organización y autorregulación emocional.',54,2),(170,25,'C','Estabilidad','Calma, equilibrio emocional y recuperación ante el estrés.',55,1),(171,25,'O','Aprehensión','Autocrítica, auto-duda y tendencia a la culpabilidad.',55,2),(172,25,'L','Vigilancia','Cautela, expectativa de segundas intenciones.',55,3),(173,25,'Q4','Tensión','Activación interna, impaciencia e irritabilidad ante contratiempos.',55,4),(174,26,'A','Extroversión','Cercanía afectiva, trato cordial e interés genuino por las personas.',56,1),(175,26,'F','Animación','Energía visible, expresividad en la interacción, tono vital alto.',56,2),(176,26,'N(-)','Espontaneidad / Privacidad–Astucia','Filtra y dosifica lo que muestra; gestiona su imagen y lee subtextos.',56,3),(177,26,'Q2(-)','Participación grupal','Preferencia por actuar solo; baja orientación grupal.',56,4),(178,26,'E','Dominancia','Asumir control e influir en interacciones.',57,1),(179,26,'H','Emprendimiento','Atrevimiento y desenvoltura ante exposición social y situaciones nuevas.',57,2),(180,26,'Q2','Autosuficiencia','Baja dependencia del grupo; autonomía para avanzar y decidir.',57,3),(181,26,'Q1','Crítico','Actitud analítica; revisa creencias y adopta cambios con evidencia.',57,4),(182,26,'I','Idealismo','Sensibilidad y orientación a principios éticos y armonía.',58,1),(183,26,'M','Creatividad','Pensamiento imaginativo y asociativo; generación de ideas nuevas.',58,2),(184,26,'Q1_AP','Apertura al cambio','Flexibilidad ante nuevas ideas y experiencias.',58,3),(185,26,'G','Sentido del deber','Responsabilidad, adherencia a normas y estándares.',59,1),(186,26,'Q3','Control de emociones','Perfeccionismo, organización y autorregulación emocional.',59,2),(187,26,'C','Estabilidad','Calma, equilibrio emocional y recuperación ante el estrés.',60,1),(188,26,'O','Aprehensión','Autocrítica, auto-duda y tendencia a la culpabilidad.',60,2),(189,26,'L','Vigilancia','Cautela, expectativa de segundas intenciones.',60,3),(190,26,'Q4','Tensión','Activación interna, impaciencia e irritabilidad ante contratiempos.',60,4),(191,29,'A','Extroversión','Cercanía afectiva, trato cordial e interés genuino por las personas.',61,1),(192,29,'F','Animación','Energía visible, expresividad en la interacción, tono vital alto.',61,2),(193,29,'N(-)','Espontaneidad / Privacidad–Astucia','Filtra y dosifica lo que muestra; gestiona su imagen y lee subtextos.',61,3),(194,29,'Q2(-)','Participación grupal','Preferencia por actuar solo; baja orientación grupal.',61,4),(195,29,'E','Dominancia','Asumir control e influir en interacciones.',62,1),(196,29,'H','Emprendimiento','Atrevimiento y desenvoltura ante exposición social y situaciones nuevas.',62,2),(197,29,'Q2','Autosuficiencia','Baja dependencia del grupo; autonomía para avanzar y decidir.',62,3),(198,29,'Q1','Crítico','Actitud analítica; revisa creencias y adopta cambios con evidencia.',62,4),(199,29,'I','Idealismo','Sensibilidad y orientación a principios éticos y armonía.',63,1),(200,29,'M','Creatividad','Pensamiento imaginativo y asociativo; generación de ideas nuevas.',63,2),(201,29,'Q1_AP','Apertura al cambio','Flexibilidad ante nuevas ideas y experiencias.',63,3),(202,29,'G','Sentido del deber','Responsabilidad, adherencia a normas y estándares.',64,1),(203,29,'Q3','Control de emociones','Perfeccionismo, organización y autorregulación emocional.',64,2),(204,29,'C','Estabilidad','Calma, equilibrio emocional y recuperación ante el estrés.',65,1),(205,29,'O','Aprehensión','Autocrítica, auto-duda y tendencia a la culpabilidad.',65,2),(206,29,'L','Vigilancia','Cautela, expectativa de segundas intenciones.',65,3),(207,29,'Q4','Tensión','Activación interna, impaciencia e irritabilidad ante contratiempos.',65,4),(208,28,'A','Extroversión','Cercanía afectiva, trato cordial e interés genuino por las personas.',66,1),(209,28,'F','Animación','Energía visible, expresividad en la interacción, tono vital alto.',66,2),(210,28,'N(-)','Espontaneidad / Privacidad–Astucia','Filtra y dosifica lo que muestra; gestiona su imagen y lee subtextos.',66,3),(211,28,'Q2(-)','Participación grupal','Preferencia por actuar solo; baja orientación grupal.',66,4),(212,28,'E','Dominancia','Asumir control e influir en interacciones.',67,1),(213,28,'H','Emprendimiento','Atrevimiento y desenvoltura ante exposición social y situaciones nuevas.',67,2),(214,28,'Q2','Autosuficiencia','Baja dependencia del grupo; autonomía para avanzar y decidir.',67,3),(215,28,'Q1','Crítico','Actitud analítica; revisa creencias y adopta cambios con evidencia.',67,4),(216,28,'I','Idealismo','Sensibilidad y orientación a principios éticos y armonía.',68,1),(217,28,'M','Creatividad','Pensamiento imaginativo y asociativo; generación de ideas nuevas.',68,2),(218,28,'Q1_AP','Apertura al cambio','Flexibilidad ante nuevas ideas y experiencias.',68,3),(219,28,'G','Sentido del deber','Responsabilidad, adherencia a normas y estándares.',69,1),(220,28,'Q3','Control de emociones','Perfeccionismo, organización y autorregulación emocional.',69,2),(221,28,'C','Estabilidad','Calma, equilibrio emocional y recuperación ante el estrés.',70,1),(222,28,'O','Aprehensión','Autocrítica, auto-duda y tendencia a la culpabilidad.',70,2),(223,28,'L','Vigilancia','Cautela, expectativa de segundas intenciones.',70,3),(224,28,'Q4','Tensión','Activación interna, impaciencia e irritabilidad ante contratiempos.',70,4);
/*!40000 ALTER TABLE `subfactors` ENABLE KEYS */;
UNLOCK TABLES;

--
-- Table structure for table `task_comments`
--

DROP TABLE IF EXISTS `task_comments`;
/*!40101 SET @saved_cs_client     = @@character_set_client */;
/*!50503 SET character_set_client = utf8mb4 */;
CREATE TABLE `task_comments` (
  `id` bigint NOT NULL AUTO_INCREMENT,
  `task_id` bigint NOT NULL,
  `user_id` bigint NOT NULL,
  `content` text COLLATE utf8mb4_unicode_ci NOT NULL,
  `created_at` timestamp NULL DEFAULT CURRENT_TIMESTAMP,
  PRIMARY KEY (`id`),
  KEY `user_id` (`user_id`),
  KEY `idx_task_comments_task_id` (`task_id`),
  KEY `idx_task_comments_created_at` (`created_at`),
  CONSTRAINT `task_comments_ibfk_1` FOREIGN KEY (`task_id`) REFERENCES `tasks` (`id`) ON DELETE CASCADE,
  CONSTRAINT `task_comments_ibfk_2` FOREIGN KEY (`user_id`) REFERENCES `users` (`id`) ON DELETE CASCADE
) ENGINE=InnoDB AUTO_INCREMENT=7 DEFAULT CHARSET=utf8mb4 COLLATE=utf8mb4_unicode_ci;
/*!40101 SET character_set_client = @saved_cs_client */;

--
-- Dumping data for table `task_comments`
--

LOCK TABLES `task_comments` WRITE;
/*!40000 ALTER TABLE `task_comments` DISABLE KEYS */;
INSERT INTO `task_comments` VALUES (1,2,15,'holi','2025-11-17 21:38:41'),(2,3,8,'Si tienes alguna duda preguntame por aqui o por el chat','2025-11-18 09:10:20'),(3,3,17,'uwu','2025-11-18 09:12:06'),(4,2,8,'holi','2025-11-18 10:10:15'),(5,2,15,'la tarea 3 nmop la nhehc','2025-11-28 15:01:01'),(6,2,8,'vale puies te veo el martas','2025-12-01 20:46:22');
/*!40000 ALTER TABLE `task_comments` ENABLE KEYS */;
UNLOCK TABLES;

--
-- Table structure for table `task_files`
--

DROP TABLE IF EXISTS `task_files`;
/*!40101 SET @saved_cs_client     = @@character_set_client */;
/*!50503 SET character_set_client = utf8mb4 */;
CREATE TABLE `task_files` (
  `id` bigint NOT NULL AUTO_INCREMENT,
  `task_id` bigint NOT NULL,
  `uploader_user_id` bigint NOT NULL,
  `file_path` varchar(1000) COLLATE utf8mb4_unicode_ci NOT NULL,
  `original_name` varchar(255) COLLATE utf8mb4_unicode_ci NOT NULL,
  `content_type` varchar(100) COLLATE utf8mb4_unicode_ci DEFAULT NULL,
  `file_size` bigint DEFAULT NULL,
  `uploaded_at` timestamp NULL DEFAULT CURRENT_TIMESTAMP,
  PRIMARY KEY (`id`),
  KEY `task_id` (`task_id`),
  KEY `uploader_user_id` (`uploader_user_id`),
  CONSTRAINT `task_files_ibfk_1` FOREIGN KEY (`task_id`) REFERENCES `tasks` (`id`) ON DELETE CASCADE,
  CONSTRAINT `task_files_ibfk_2` FOREIGN KEY (`uploader_user_id`) REFERENCES `users` (`id`) ON DELETE RESTRICT
) ENGINE=InnoDB AUTO_INCREMENT=6 DEFAULT CHARSET=utf8mb4 COLLATE=utf8mb4_unicode_ci;
/*!40101 SET character_set_client = @saved_cs_client */;

--
-- Dumping data for table `task_files`
--

LOCK TABLES `task_files` WRITE;
/*!40000 ALTER TABLE `task_files` DISABLE KEYS */;
INSERT INTO `task_files` VALUES (1,2,8,'/uploads/tasks/61b2b9f9-de92-46cf-9b83-96af74efc8b3.pdf','CV IESE .pdf','application/pdf',67944,'2025-11-17 22:04:22'),(2,3,8,'/uploads/tasks/cfa9608d-85da-4495-baa4-fe0d1c7b00b3.png','Captura de pantalla 2025-05-12 234339.png','image/png',84140,'2025-11-18 09:10:24'),(3,3,17,'/uploads/tasks/66ca0661-565a-41d0-9c7f-64a8e9d5fede.png','Captura de pantalla 2025-05-12 234339.png','image/png',84140,'2025-11-18 09:11:50'),(4,2,8,'/uploads/tasks/43077087-9315-4a4e-b85d-5bfbb1f92257.png','Adobe Express - file (1).png','image/png',5457756,'2025-11-18 10:06:29'),(5,2,15,'/uploads/tasks/936bbf8f-72f1-4553-bfd5-d2aa66277063.xlsx','resultados_Nuria_laiz_gadea.xlsx','application/vnd.openxmlformats-officedocument.spreadsheetml.sheet',5728,'2025-11-18 10:09:38');
/*!40000 ALTER TABLE `task_files` ENABLE KEYS */;
UNLOCK TABLES;

--
-- Table structure for table `tasks`
--

DROP TABLE IF EXISTS `tasks`;
/*!40101 SET @saved_cs_client     = @@character_set_client */;
/*!50503 SET character_set_client = utf8mb4 */;
CREATE TABLE `tasks` (
  `id` bigint NOT NULL AUTO_INCREMENT,
  `user_id` bigint NOT NULL,
  `psychologist_id` bigint NOT NULL,
  `title` varchar(200) COLLATE utf8mb4_unicode_ci NOT NULL,
  `description` text COLLATE utf8mb4_unicode_ci,
  `created_by` varchar(20) COLLATE utf8mb4_unicode_ci NOT NULL,
  `created_at` timestamp NULL DEFAULT CURRENT_TIMESTAMP,
  `updated_at` timestamp NULL DEFAULT NULL,
  `due_date` timestamp NULL DEFAULT NULL,
  `reminder_sent` tinyint(1) DEFAULT '0',
  PRIMARY KEY (`id`),
  KEY `user_id` (`user_id`),
  KEY `psychologist_id` (`psychologist_id`),
  CONSTRAINT `tasks_ibfk_1` FOREIGN KEY (`user_id`) REFERENCES `users` (`id`) ON DELETE CASCADE,
  CONSTRAINT `tasks_ibfk_2` FOREIGN KEY (`psychologist_id`) REFERENCES `users` (`id`) ON DELETE RESTRICT
) ENGINE=InnoDB AUTO_INCREMENT=6 DEFAULT CHARSET=utf8mb4 COLLATE=utf8mb4_unicode_ci;
/*!40101 SET character_set_client = @saved_cs_client */;

--
-- Dumping data for table `tasks`
--

LOCK TABLES `tasks` WRITE;
/*!40000 ALTER TABLE `tasks` DISABLE KEYS */;
INSERT INTO `tasks` VALUES (1,15,8,'Cosas locas ',NULL,'PSYCHOLOGIST','2025-11-16 19:00:03',NULL,NULL,0),(2,15,8,'Como te sientes por la mañana','Enviame un peeqño brief semanal de como te has snetido cada dia ','PSYCHOLOGIST','2025-11-17 21:23:45',NULL,'2025-11-18 22:00:00',0),(3,17,8,'tarea de prueba 1 ','sube un archivo','PSYCHOLOGIST','2025-11-18 09:09:51',NULL,'2025-11-21 22:00:00',0),(4,13,8,'jbhkhkjh','uyuuhukh','PSYCHOLOGIST','2025-11-18 10:05:52',NULL,'2025-11-21 02:09:00',0),(5,15,8,'gfcvjhnv',' ghfthygf','PSYCHOLOGIST','2025-12-14 16:34:25',NULL,'2025-12-19 19:38:00',0);
/*!40000 ALTER TABLE `tasks` ENABLE KEYS */;
UNLOCK TABLES;

--
-- Table structure for table `temporary_sessions`
--

DROP TABLE IF EXISTS `temporary_sessions`;
/*!40101 SET @saved_cs_client     = @@character_set_client */;
/*!50503 SET character_set_client = utf8mb4 */;
CREATE TABLE `temporary_sessions` (
  `id` bigint NOT NULL AUTO_INCREMENT,
  `session_id` varchar(100) COLLATE utf8mb4_unicode_ci NOT NULL,
  `initial_test_completed` tinyint(1) DEFAULT '0',
  `created_at` timestamp NULL DEFAULT CURRENT_TIMESTAMP,
  `expires_at` timestamp NOT NULL,
  PRIMARY KEY (`id`),
  UNIQUE KEY `session_id` (`session_id`)
) ENGINE=InnoDB AUTO_INCREMENT=237 DEFAULT CHARSET=utf8mb4 COLLATE=utf8mb4_unicode_ci;
/*!40101 SET character_set_client = @saved_cs_client */;

--
-- Dumping data for table `temporary_sessions`
--

LOCK TABLES `temporary_sessions` WRITE;
/*!40000 ALTER TABLE `temporary_sessions` DISABLE KEYS */;
INSERT INTO `temporary_sessions` VALUES (1,'7e5e197d-23dd-4bb6-812f-f297d2b82391',0,'2025-11-04 12:01:00','2025-11-05 12:01:00'),(2,'117116ef-295c-4797-895f-f6544e5255b1',0,'2025-11-04 12:01:00','2025-11-05 12:01:00'),(3,'01bbeb17-a15a-434d-82ca-c69b4ecc9dc4',0,'2025-11-04 12:02:48','2025-11-05 12:02:48'),(4,'5f9d0bee-a9f8-49d5-82cf-e3a8aa02736d',0,'2025-11-04 12:02:48','2025-11-05 12:02:48'),(5,'99d36511-5da9-41d2-888d-8e64486f3352',0,'2025-11-04 12:07:48','2025-11-05 12:07:48'),(7,'7e8e2593-5b3e-4f31-989a-0820d967ee2a',0,'2025-11-04 12:29:48','2025-11-05 12:29:48'),(9,'28aa03f4-3a61-4470-bf70-3a403231bc0e',0,'2025-11-04 12:30:21','2025-11-05 12:30:21'),(10,'8ac88ff5-9703-46d8-93af-dc002f6fa7e6',0,'2025-11-04 12:30:21','2025-11-05 12:30:21'),(11,'27ed9a7d-4213-4fdb-8633-e3a6abb4c9be',0,'2025-11-04 12:30:41','2025-11-05 12:30:41'),(12,'47b19d79-c4af-4f32-8438-fd15b3223bee',0,'2025-11-04 12:30:41','2025-11-05 12:30:41'),(13,'74d4eb84-4a5b-4762-977c-500a38a44c91',0,'2025-11-04 12:32:29','2025-11-05 12:32:29'),(14,'db1286e0-1e4f-4534-9611-d9f2045166a5',0,'2025-11-04 12:32:29','2025-11-05 12:32:29'),(15,'b2071a2c-ee67-4c8c-960d-9b4ce37153a8',0,'2025-11-04 12:38:59','2025-11-05 12:38:59'),(16,'9007a700-4a43-49e6-9b71-e9cfcceb24f5',0,'2025-11-04 12:38:59','2025-11-05 12:38:59'),(17,'9cb04963-7b70-4c10-a899-151e68a89b15',0,'2025-11-04 12:39:17','2025-11-05 12:39:17'),(18,'a4c39b41-05d1-423b-9767-8dff10633ea6',0,'2025-11-04 12:39:17','2025-11-05 12:39:17'),(19,'b3218cd8-5466-420b-ba5b-1c1777a3f88e',0,'2025-11-04 12:39:26','2025-11-05 12:39:26'),(20,'ee28ada6-cf5a-4173-bbac-8b2dc48e6109',0,'2025-11-04 12:39:26','2025-11-05 12:39:26'),(21,'871e1652-384f-4060-96e5-6126d689849e',0,'2025-11-04 12:39:34','2025-11-05 12:39:34'),(22,'a345beba-0af5-4c61-bbf6-7ed8877e7eff',0,'2025-11-04 12:39:34','2025-11-05 12:39:34'),(23,'c334ab94-2141-4dba-83e5-70489e263fef',0,'2025-11-04 12:39:35','2025-11-05 12:39:35'),(24,'9cef6190-2657-4e43-b29e-8cb48ab09592',0,'2025-11-04 12:39:35','2025-11-05 12:39:35'),(25,'56270b23-de6f-4056-8831-ec7114b5facb',0,'2025-11-04 12:43:29','2025-11-05 12:43:29'),(26,'2889a9f0-152b-48fe-b839-1c9fbbd48547',0,'2025-11-04 12:43:29','2025-11-05 12:43:29'),(27,'49eb4f9b-743b-408f-aa5f-6d9ad4ccc804',0,'2025-11-04 15:14:01','2025-11-05 15:14:01'),(30,'65ff0dc2-056e-48bb-a6bf-cdd86ec8329e',0,'2025-11-04 15:24:00','2025-11-05 15:24:00'),(31,'67e83020-752c-462f-8a54-5967e720837a',0,'2025-11-04 17:40:58','2025-11-05 17:40:58'),(32,'f7840339-c083-43e9-90ac-2e2a999468d6',0,'2025-11-04 17:40:58','2025-11-05 17:40:58'),(33,'7f105397-22a3-41b1-a73d-300e1f453d72',0,'2025-11-04 17:47:04','2025-11-05 17:47:04'),(34,'a245bbdf-d8a0-4faa-8a74-8e9c2e0aa2bb',0,'2025-11-04 17:47:04','2025-11-05 17:47:04'),(35,'c70f1f88-a9eb-455b-9e4a-e1955f721bea',0,'2025-11-04 18:37:23','2025-11-05 18:37:23'),(36,'f7377514-2a24-492d-a445-da40dbb572eb',1,'2025-11-04 18:37:23','2025-11-05 18:37:23'),(37,'bd3d5ba7-c049-4ea4-8c73-24ed8687c778',0,'2025-11-04 20:32:57','2025-11-05 20:32:57'),(38,'d44564fd-ac6c-46b0-af66-6ede71d18e21',0,'2025-11-04 20:32:57','2025-11-05 20:32:57'),(39,'d947cc4e-1a67-4017-a72d-8ff234a4d982',0,'2025-11-05 20:35:51','2025-11-06 20:35:51'),(40,'c615ec4b-69d3-4a89-8e0d-7d485f220ff1',0,'2025-11-05 20:35:51','2025-11-06 20:35:51'),(41,'e1ca6188-3eee-4952-b62d-e08bba7e9741',0,'2025-11-06 06:42:07','2025-11-07 06:42:07'),(42,'b16a8f19-50ee-4ca0-bfb1-a5a21e3988d1',0,'2025-11-06 06:42:07','2025-11-07 06:42:07'),(43,'4f6f80df-ca91-4523-a617-687a41fb60df',0,'2025-11-06 13:53:32','2025-11-07 13:53:32'),(44,'2af7b4d2-1d64-465b-9c97-985dd75128b3',0,'2025-11-06 13:53:32','2025-11-07 13:53:32'),(46,'8c5963d0-0d25-44e5-8f9a-ac2aa31384f0',0,'2025-11-07 10:22:56','2025-11-08 10:22:56'),(47,'e0b9f870-52b3-496e-91c1-50270a86615b',0,'2025-11-08 11:08:52','2025-11-09 11:08:52'),(49,'1d7fe9db-f854-4c48-849a-d43e2fecea06',0,'2025-11-08 11:18:05','2025-11-09 11:18:05'),(50,'7fa11f98-29e0-4dd1-8afa-2fbdfbbbcfa9',0,'2025-11-08 11:18:05','2025-11-09 11:18:05'),(51,'95093498-524f-4afc-908f-75eeb5270fcf',0,'2025-11-08 11:27:19','2025-11-09 11:27:19'),(52,'1195804e-ac43-4d72-aaf3-e964f64fe476',0,'2025-11-08 11:27:19','2025-11-09 11:27:19'),(53,'2f8ca0d9-04fd-4cbe-a53a-7f847c96927f',0,'2025-11-08 11:29:08','2025-11-09 11:29:08'),(54,'602fc1b6-b22a-462b-a701-a3f1789b3ff3',0,'2025-11-08 11:29:08','2025-11-09 11:29:08'),(55,'cd4e6558-0475-48d1-b03e-23c7224ad7e2',0,'2025-11-08 11:40:14','2025-11-09 11:40:14'),(56,'8726b292-1452-4882-81de-834c3cfb4386',0,'2025-11-08 11:40:14','2025-11-09 11:40:14'),(57,'1baba53f-2d7d-4cc6-af58-ce313a59540d',0,'2025-11-08 11:58:09','2025-11-09 11:58:09'),(58,'cc3be79f-c855-4807-be5c-1b9ba7b0e06a',0,'2025-11-08 11:58:09','2025-11-09 11:58:09'),(59,'6799bb1b-8798-4b61-8dc0-e7e1d78dfdb1',0,'2025-11-08 12:02:05','2025-11-09 12:02:05'),(60,'482678a1-d1eb-401f-9752-fd7a61a2d698',0,'2025-11-08 12:02:05','2025-11-09 12:02:05'),(61,'4d74b446-d921-4200-a556-a43e6485c745',0,'2025-11-08 12:14:59','2025-11-09 12:14:59'),(62,'e57a90af-182c-41d4-9442-70c24f1fc684',0,'2025-11-08 12:14:59','2025-11-09 12:14:59'),(63,'a1d5f82a-639e-4e0a-a2c4-0d0df62bc5f4',0,'2025-11-08 12:15:31','2025-11-09 12:15:31'),(64,'07550319-7936-4a09-b530-1bea18eb0960',0,'2025-11-08 12:15:31','2025-11-09 12:15:31'),(65,'bdf69144-2b73-4a26-8acb-2bd389c5906f',0,'2025-11-08 12:18:42','2025-11-09 12:18:42'),(66,'1ba2005b-8e3d-445d-a123-0afca1ae4b64',0,'2025-11-08 12:19:36','2025-11-09 12:19:36'),(67,'25e1ba13-97bd-4366-8b68-995c02ceb00f',0,'2025-11-08 12:20:41','2025-11-09 12:20:41'),(68,'ad773fd3-e2ea-42c9-b2fa-9d3fd6c28c48',0,'2025-11-08 12:25:27','2025-11-09 12:25:27'),(69,'1f07421d-ec7d-42c7-9450-ca17dac9ecf3',0,'2025-11-08 12:25:27','2025-11-09 12:25:27'),(70,'df0a806b-9dfd-46e6-b71c-0a066b4bbeb4',0,'2025-11-08 12:25:56','2025-11-09 12:25:56'),(71,'bb9b14f1-0c65-4b32-af05-bc3edd026ec3',0,'2025-11-08 12:25:56','2025-11-09 12:25:56'),(72,'9f17969a-ac37-4419-94ac-4e2a5e3651e4',0,'2025-11-08 12:27:01','2025-11-09 12:27:01'),(73,'4e656d58-93d6-49fe-8d68-bd9d179354a9',1,'2025-11-08 12:27:39','2025-11-09 12:27:39'),(74,'e39e154c-3ab3-4d15-8832-dee3f25a5e69',0,'2025-11-08 12:30:13','2025-11-09 12:30:13'),(75,'94ccc0c1-7b52-4ab8-94ba-7aae13f5b643',1,'2025-11-08 12:30:13','2025-11-09 12:30:13'),(76,'16e061ab-f507-4d76-a41f-fdcdeb1b5d7a',0,'2025-11-08 12:42:42','2025-11-09 12:42:42'),(77,'e77c634d-0b7d-49db-8a3e-7277b32e5d26',0,'2025-11-08 12:42:42','2025-11-09 12:42:42'),(78,'b1c47b8e-5687-4959-b413-a19c1633341b',0,'2025-11-08 12:42:45','2025-11-09 12:42:45'),(79,'fbb5fd4c-2587-4289-a70f-6c54d174457c',0,'2025-11-08 12:42:45','2025-11-09 12:42:45'),(80,'4951851a-2512-42b4-84a3-1ffc347ca577',0,'2025-11-08 12:42:50','2025-11-09 12:42:50'),(81,'1c9f28d5-e9d0-428a-bb5d-ad45116cb0be',1,'2025-11-08 12:42:50','2025-11-09 12:42:50'),(82,'10623afa-65b0-4d36-96e8-416e861797e8',0,'2025-11-09 10:47:09','2025-11-10 10:47:09'),(84,'39959411-0da6-4efe-8fb4-d06cf7f14501',1,'2025-11-11 10:02:32','2025-11-12 10:02:32'),(85,'0cfc7cb4-9f3c-480b-99e0-b6770a20c40e',0,'2025-11-11 10:02:32','2025-11-12 10:02:32'),(87,'49ca6468-ace0-4373-b4d5-5ad4fc378370',0,'2025-11-11 10:03:21','2025-11-12 10:03:21'),(89,'fc6f074e-aa52-4631-a909-ce4a3b1131e4',0,'2025-11-12 14:25:21','2025-11-13 14:25:21'),(90,'0d0d15d5-c6e8-4b07-8442-c59cfde88f8a',0,'2025-11-14 12:00:09','2025-11-15 12:00:09'),(92,'348000b8-e792-4536-8ce3-d1b5f5758cd7',0,'2025-11-14 12:07:15','2025-11-15 12:07:15'),(93,'37dd356f-f02a-425f-991c-a5f350291af9',0,'2025-11-14 12:07:15','2025-11-15 12:07:15'),(94,'20d2cfcc-e6fd-4f8a-be49-dd0e83e6ba4e',0,'2025-11-14 12:13:15','2025-11-15 12:13:15'),(95,'f7a5d5f8-70e2-404c-87ed-644d74bfca5e',0,'2025-11-14 12:13:15','2025-11-15 12:13:15'),(96,'fae792ef-b372-4d22-893d-39ac7553dd7c',0,'2025-11-14 12:13:32','2025-11-15 12:13:32'),(97,'3436e79a-70b9-4792-b01d-c13af866c077',0,'2025-11-14 12:13:32','2025-11-15 12:13:32'),(98,'8f98ef6e-79c8-42ff-b97a-0ed52b3a1ecf',0,'2025-11-14 12:16:36','2025-11-15 12:16:36'),(99,'91038a30-d409-490e-8790-bff2483e110f',0,'2025-11-14 12:16:36','2025-11-15 12:16:36'),(100,'0a8f5703-26d2-4d76-bf46-7672a493ad4f',0,'2025-11-14 12:21:17','2025-11-15 12:21:17'),(101,'c3a8ac91-0838-4e70-9832-a868b015b26e',0,'2025-11-14 12:21:17','2025-11-15 12:21:17'),(102,'55c61666-9e4a-4d2c-8dcb-dea7db276741',0,'2025-11-14 12:29:29','2025-11-15 12:29:29'),(103,'d5195f29-db72-4c84-8a8c-8a03cd1ed019',0,'2025-11-14 12:29:29','2025-11-15 12:29:29'),(104,'70244ec0-2e02-4a63-b666-8a1ddb633618',0,'2025-11-14 12:35:07','2025-11-15 12:35:07'),(105,'6998e42f-6b63-4b71-b906-7948e23d975f',0,'2025-11-14 12:35:07','2025-11-15 12:35:07'),(106,'c25d9b29-4a15-4f44-a8d9-cf1cb414f44f',0,'2025-11-14 12:35:53','2025-11-15 12:35:53'),(107,'1bc29127-461b-4497-9bbf-019a34165411',0,'2025-11-14 12:35:53','2025-11-15 12:35:53'),(108,'b302e9ed-a418-4c07-9153-314d8e219e2a',0,'2025-11-14 12:35:57','2025-11-15 12:35:57'),(109,'76ac1801-f99c-434a-b98b-ac9406a05412',0,'2025-11-14 12:35:57','2025-11-15 12:35:57'),(110,'8144d664-6285-474f-810e-87fb5a7c11ce',0,'2025-11-14 12:36:02','2025-11-15 12:36:02'),(111,'e956b501-9bf3-4c6f-8d52-5932f10bd763',0,'2025-11-14 12:36:02','2025-11-15 12:36:02'),(112,'4072ce4d-bbbc-4f7b-8d33-d829b35b6e95',0,'2025-11-14 15:36:41','2025-11-15 15:36:41'),(113,'aa66470e-b7e1-4913-b953-acb753279cfb',1,'2025-11-14 15:36:41','2025-11-15 15:36:41'),(114,'b000e44a-8a5e-4b85-8f4a-f284808c7421',0,'2025-11-14 15:37:29','2025-11-15 15:37:29'),(115,'1d9b72c4-ff6a-45fb-bb7c-5fff527a1b4a',0,'2025-11-14 15:37:29','2025-11-15 15:37:29'),(116,'4b3c01d8-198a-47ec-a5cf-382d0efb08da',0,'2025-11-14 15:37:35','2025-11-15 15:37:35'),(117,'36809853-23f6-42d0-bbe2-86c0d79f7e62',0,'2025-11-14 15:37:35','2025-11-15 15:37:35'),(118,'597144ec-479b-4082-8682-33b48fd0e45d',0,'2025-11-14 15:37:39','2025-11-15 15:37:39'),(119,'d693d865-4245-4e20-ab49-dd10ad366531',0,'2025-11-14 15:37:39','2025-11-15 15:37:39'),(120,'5b74760f-5842-403c-96ed-03cba2a9034e',0,'2025-11-14 15:39:08','2025-11-15 15:39:08'),(121,'931bef54-356f-44d0-9620-f7daccab985f',0,'2025-11-14 15:39:08','2025-11-15 15:39:08'),(122,'fc1cc3f3-6581-48f1-8bc6-3f8dbd1b5e90',0,'2025-11-14 16:21:40','2025-11-15 16:21:40'),(123,'419ff37e-869a-48a3-a0a1-2e9ca0777824',0,'2025-11-14 16:21:40','2025-11-15 16:21:40'),(124,'68852105-7db2-4ebe-91e6-82bb96caefe6',0,'2025-11-14 16:23:02','2025-11-15 16:23:02'),(125,'4bbf2305-fa4e-4536-9d96-5809b0fb2635',0,'2025-11-14 16:23:02','2025-11-15 16:23:02'),(126,'bcab31b0-1f7f-4bad-a7a4-871f77722ae7',0,'2025-11-14 16:23:14','2025-11-15 16:23:14'),(127,'8431f46f-8faa-4861-ba71-172f6095110f',0,'2025-11-14 16:23:14','2025-11-15 16:23:14'),(128,'37740711-1fb0-47b2-be68-e7133dcbce55',0,'2025-11-14 16:25:06','2025-11-15 16:25:06'),(129,'8178b157-6443-4b28-b524-0e2f2f381651',0,'2025-11-14 16:25:06','2025-11-15 16:25:06'),(130,'8d5bb1a5-a93c-4edb-9003-594bb0d6c812',0,'2025-11-14 16:26:48','2025-11-15 16:26:48'),(131,'28001427-9572-41bf-ab91-5edec7c481b2',0,'2025-11-14 16:26:48','2025-11-15 16:26:48'),(132,'56f53864-fcc3-4683-b993-248153e3ae2e',0,'2025-11-14 16:26:54','2025-11-15 16:26:54'),(133,'daf0c3cb-226c-45ec-819d-7feca604d5c6',0,'2025-11-14 16:26:54','2025-11-15 16:26:54'),(134,'3d38d3bd-9876-4b45-bef7-bcc714897faf',0,'2025-11-14 16:27:07','2025-11-15 16:27:07'),(135,'19fe8d7c-4a10-4cc2-af75-d85949248ec0',0,'2025-11-14 16:27:07','2025-11-15 16:27:07'),(136,'91ead480-fa8d-4a17-8e7f-e12473ebb8ce',0,'2025-11-14 16:28:54','2025-11-15 16:28:54'),(137,'014ebe64-95d6-4640-aa51-d6ef29e9a6f3',0,'2025-11-14 16:28:54','2025-11-15 16:28:54'),(138,'b0f02fd5-bd9e-49aa-b0d6-5f9c0463df84',0,'2025-11-14 16:29:27','2025-11-15 16:29:27'),(139,'19b76d47-0a5c-4129-a918-840fb3f71c79',0,'2025-11-14 16:30:44','2025-11-15 16:30:44'),(140,'7a41b36f-88e6-45ad-abec-ab19b41fa153',0,'2025-11-14 16:30:44','2025-11-15 16:30:44'),(141,'6dc38e14-905a-425d-8101-04a98a73e018',0,'2025-11-14 16:30:55','2025-11-15 16:30:55'),(142,'9e0cd431-b1b0-4cdf-bc8a-65eb16f1d3bc',0,'2025-11-14 16:31:07','2025-11-15 16:31:07'),(143,'7da70f6d-c96c-452e-9e3c-87d74e85e0c4',0,'2025-11-14 16:32:05','2025-11-15 16:32:05'),(144,'5b123832-1e02-404e-a21c-1d829d27582f',0,'2025-11-14 16:32:16','2025-11-15 16:32:16'),(145,'742702c6-4e9c-4812-bdfb-6f7c866ffd1d',0,'2025-11-14 16:32:29','2025-11-15 16:32:29'),(146,'5124cfec-0e53-4d4f-9fbe-66a6a8a68165',0,'2025-11-14 16:32:29','2025-11-15 16:32:29'),(147,'accda053-080e-4ce4-a571-5adba3d8cd89',0,'2025-11-14 16:32:30','2025-11-15 16:32:30'),(148,'d4dd98d7-a121-4458-81d9-4a21423f7c8f',0,'2025-11-14 16:32:48','2025-11-15 16:32:48'),(149,'a8931988-db9d-40c0-98da-bb98a6740851',0,'2025-11-14 16:40:27','2025-11-15 16:40:27'),(150,'5e448944-a90c-408b-927c-1eb4715deba3',0,'2025-11-14 16:40:27','2025-11-15 16:40:27'),(151,'3678df99-8e2c-4e3d-bd31-c3abedacb593',0,'2025-11-14 16:42:46','2025-11-15 16:42:46'),(152,'41a0e3ce-c764-423d-9787-31fdfc20b5aa',0,'2025-11-14 16:42:46','2025-11-15 16:42:46'),(153,'0fa61cd9-6def-4bef-bfc4-4847106b7534',0,'2025-11-14 16:47:15','2025-11-15 16:47:15'),(154,'f266d94a-115f-48ea-841e-20624d645d89',0,'2025-11-14 16:47:25','2025-11-15 16:47:25'),(155,'e6491ea5-8db0-431b-9364-a6a56b40aab1',0,'2025-11-16 18:43:44','2025-11-17 18:43:44'),(156,'09776ceb-b343-4037-bc58-c9f30fa0a78b',0,'2025-11-16 18:43:44','2025-11-17 18:43:44'),(157,'dcef3eb8-945f-4758-9633-649b0ba8e455',0,'2025-11-16 18:44:51','2025-11-17 18:44:51'),(158,'be5bc966-3174-4a37-a86f-97c8c7653be2',0,'2025-11-16 18:44:51','2025-11-17 18:44:51'),(159,'df722652-2b85-4558-9020-30133626ed84',0,'2025-11-16 20:33:14','2025-11-17 20:33:14'),(160,'7b04dd0a-70c3-49cd-a453-5bb9377f4edf',0,'2025-11-16 20:33:14','2025-11-17 20:33:14'),(161,'7ea31881-a068-4e5f-aa15-d1a3118fabf8',0,'2025-11-16 20:37:34','2025-11-17 20:37:34'),(162,'372d1639-d9ca-419b-ac5e-76bb494f5fdb',1,'2025-11-16 20:37:34','2025-11-17 20:37:34'),(163,'ba8107ba-ef22-4fc6-9749-730b5c33d83f',0,'2025-11-17 21:18:46','2025-11-18 21:18:46'),(164,'37848e57-c61e-4d0d-a556-4807226cfe61',0,'2025-11-17 21:18:46','2025-11-18 21:18:46'),(165,'727cb794-6a36-4c8e-9cf5-cfab6d275e4d',0,'2025-11-17 21:20:57','2025-11-18 21:20:57'),(166,'f8554d95-7205-4132-a106-379df51fd882',0,'2025-11-17 21:20:57','2025-11-18 21:20:57'),(167,'6f8c0b6d-dc88-4210-ae3e-d6c10f961ff6',0,'2025-11-18 09:06:33','2025-11-19 09:06:33'),(169,'b6cdde69-0eaa-4874-bd01-b1b1858a7039',0,'2025-11-19 21:13:13','2025-11-20 21:13:13'),(170,'ec2ef915-1737-4915-a059-2d69c8b02378',1,'2025-11-19 21:13:13','2025-11-20 21:13:13'),(171,'db6b33dd-108e-4f5e-a8fe-a33f0bbc2fdf',0,'2025-11-24 11:58:13','2025-11-25 11:58:13'),(173,'50175806-ed1f-43b5-aa31-22a6bfa71128',0,'2025-11-24 12:06:52','2025-11-25 12:06:52'),(174,'8eb76a58-1a06-4111-9b85-79c22b1286c5',0,'2025-11-24 12:06:52','2025-11-25 12:06:52'),(175,'bb63342f-1645-49c7-a201-8133172bb8d0',0,'2025-11-24 12:08:52','2025-11-25 12:08:52'),(176,'c1ffcf6f-6f08-46c5-8e41-348c7ca29b3d',0,'2025-11-24 12:08:52','2025-11-25 12:08:52'),(177,'b371cbb9-5bbc-4577-b37c-a928b34a0df4',0,'2025-11-24 12:09:01','2025-11-25 12:09:01'),(178,'e96af903-f5e7-4b5c-82a0-776649e25547',0,'2025-11-24 12:09:01','2025-11-25 12:09:01'),(179,'aa8d661c-d059-4f7d-a532-1d57dabf9c41',0,'2025-11-24 12:10:41','2025-11-25 12:10:41'),(180,'b32c37e7-1cf3-4f70-a3dd-e1cd26102924',0,'2025-11-24 12:10:41','2025-11-25 12:10:41'),(181,'bf07088f-663d-4d6b-a3b9-e52d9bc455fc',0,'2025-11-24 12:10:57','2025-11-25 12:10:57'),(183,'cd87cdb9-4a53-4fc9-8356-893ec686800a',0,'2025-11-28 14:56:25','2025-11-29 14:56:25'),(184,'d3375a93-c7f7-49f2-ad8e-f01bf2b87978',0,'2025-11-28 14:56:25','2025-11-29 14:56:25'),(185,'429e4df4-4338-46c7-800b-48ac42c10f79',0,'2025-11-28 15:58:34','2025-11-29 15:58:34'),(186,'02eb8e19-5248-4804-9997-074bf833f336',0,'2025-11-28 15:58:34','2025-11-29 15:58:34'),(187,'5a627451-fef0-4f13-b913-3f208560fbd6',0,'2025-12-01 20:11:27','2025-12-02 20:11:27'),(189,'d2532b61-5dba-4601-88c6-a4afed9ad130',0,'2025-12-01 20:17:53','2025-12-02 20:17:53'),(190,'6d97a4b4-0d38-45f7-ac20-b002c4be7b1e',0,'2025-12-01 20:17:53','2025-12-02 20:17:53'),(191,'df6e765b-6193-499a-9a95-e10c252a4dd8',0,'2025-12-01 20:42:22','2025-12-02 20:42:22'),(193,'1ed98fad-5471-4be2-bf41-bc92f82777b8',0,'2025-12-10 19:00:52','2025-12-11 19:00:52'),(194,'e8d74ee5-25f1-4f80-b788-3e75f0bec040',0,'2025-12-10 19:00:52','2025-12-11 19:00:52'),(195,'33941cbe-00ab-402a-8968-23170be34758',0,'2025-12-11 16:36:44','2025-12-12 16:36:44'),(196,'c17c4e9a-e39a-4798-b2c9-0fe67ee27cf3',0,'2025-12-11 16:36:44','2025-12-12 16:36:44'),(197,'6e1c04eb-964b-4c41-a725-dd61dccca246',0,'2025-12-11 16:42:42','2025-12-12 16:42:42'),(198,'1f13457f-80e8-418e-9abc-753031a0cc65',0,'2025-12-11 16:42:42','2025-12-12 16:42:42'),(199,'f4d6272d-046b-4bea-bd5f-17f4f2daef28',0,'2025-12-14 16:27:17','2025-12-15 16:27:17'),(200,'e365466e-4b7d-4c45-aceb-a58f7034fb13',0,'2025-12-14 16:27:17','2025-12-15 16:27:17'),(201,'519b06fa-4b88-4512-b981-077f93275138',0,'2025-12-14 16:27:55','2025-12-15 16:27:55'),(202,'49c4b9ff-0334-490d-82da-625e59f00a75',1,'2025-12-14 16:27:55','2025-12-15 16:27:55'),(203,'5eabcae0-3ad7-4cec-8f83-f87ec40c9be8',1,'2025-12-14 16:30:47','2025-12-15 16:30:47'),(204,'c43f94de-d762-4fb0-8e8c-5eccafb895b0',0,'2025-12-14 16:30:47','2025-12-15 16:30:47'),(205,'5f1214d4-2fc0-420f-a551-2ea452704522',0,'2025-12-16 21:05:03','2025-12-17 21:05:03'),(206,'9ccb199e-4fd6-49b9-9b97-d776a85802dc',0,'2025-12-16 21:05:03','2025-12-17 21:05:03'),(208,'ddf743a4-5a1d-4db9-b4af-5154841840b8',0,'2025-12-26 11:55:04','2025-12-27 11:55:04'),(209,'af388790-68d7-4cf2-96e9-7e113c6347b7',0,'2025-12-28 15:39:11','2025-12-29 15:39:11'),(210,'aa22fd0f-66e5-4d62-b2b8-534f968e52b9',0,'2025-12-28 15:39:11','2025-12-29 15:39:11'),(211,'713db851-6511-4fab-b928-bc398d962347',0,'2025-12-28 15:40:23','2025-12-29 15:40:23'),(212,'ba9c83a4-3968-4da8-837f-107789bb7052',0,'2025-12-28 15:40:23','2025-12-29 15:40:23'),(213,'93937fb5-d7e5-4d2b-be8e-47a1302efe2a',0,'2025-12-28 15:41:46','2025-12-29 15:41:46'),(214,'655723df-da06-42c9-9188-0f12e116646b',0,'2025-12-28 15:41:46','2025-12-29 15:41:46'),(215,'ec7eaf37-0070-42cf-bf17-3d7230f7d989',0,'2025-12-28 15:46:46','2025-12-29 15:46:46'),(216,'4486db1b-6a14-4027-970f-479ad306dfd1',0,'2025-12-28 15:46:46','2025-12-29 15:46:46'),(217,'93a6e451-96b8-433d-be50-d84dba0cf6e3',0,'2025-12-28 17:54:33','2025-12-29 17:54:33'),(218,'e974a948-98d8-413c-b8e8-d6d4bc2beebd',1,'2025-12-28 17:54:33','2025-12-29 17:54:33'),(219,'13bba727-d1f5-4908-a887-3012925ca75b',0,'2025-12-28 18:07:21','2025-12-29 18:07:21'),(221,'2910fb66-b231-4f9f-bd27-c0171be31b3b',0,'2025-12-28 18:19:49','2025-12-29 18:19:49'),(223,'790fdcf9-604a-4fed-b422-c1f727ec2b00',0,'2025-12-28 20:18:37','2025-12-29 20:18:37'),(225,'26af9cb2-50e2-4ff4-8029-1f1f28bcf0d1',0,'2025-12-29 11:32:07','2025-12-30 11:32:07'),(227,'4debeaa7-15e4-43b5-bed2-bef878a94937',0,'2026-01-01 23:22:27','2026-01-02 23:22:27'),(228,'256c8b6c-8364-4282-a7b8-8a9325d21cd0',0,'2026-01-01 23:22:27','2026-01-02 23:22:27'),(229,'617524fc-2366-41a6-8420-88ec2d1a94e5',0,'2026-01-01 23:25:23','2026-01-02 23:25:23'),(232,'e52473bb-11fd-44bd-9587-433d3f2db48e',0,'2026-01-03 11:56:39','2026-01-04 11:56:39'),(233,'d4232f80-34a8-4559-ac04-22d662b22ce9',0,'2026-01-03 18:16:53','2026-01-04 18:16:53'),(236,'b89b1fba-0a0a-4147-8f2b-e418a029314d',0,'2026-01-03 18:45:19','2026-01-04 18:45:19');
/*!40000 ALTER TABLE `temporary_sessions` ENABLE KEYS */;
UNLOCK TABLES;

--
-- Table structure for table `test_results`
--

DROP TABLE IF EXISTS `test_results`;
/*!40101 SET @saved_cs_client     = @@character_set_client */;
/*!50503 SET character_set_client = utf8mb4 */;
CREATE TABLE `test_results` (
  `id` bigint NOT NULL AUTO_INCREMENT,
  `user_id` bigint NOT NULL,
  `test_id` bigint NOT NULL,
  `subfactor_id` bigint NOT NULL,
  `score` decimal(10,2) NOT NULL,
  `max_score` decimal(10,2) NOT NULL,
  `percentage` decimal(5,2) NOT NULL,
  `created_at` timestamp NULL DEFAULT CURRENT_TIMESTAMP,
  PRIMARY KEY (`id`),
  UNIQUE KEY `user_id` (`user_id`,`test_id`,`subfactor_id`),
  KEY `test_id` (`test_id`),
  KEY `subfactor_id` (`subfactor_id`),
  KEY `idx_test_results_user_test` (`user_id`,`test_id`),
  CONSTRAINT `test_results_ibfk_1` FOREIGN KEY (`user_id`) REFERENCES `users` (`id`) ON DELETE CASCADE,
  CONSTRAINT `test_results_ibfk_2` FOREIGN KEY (`test_id`) REFERENCES `tests` (`id`) ON DELETE CASCADE,
  CONSTRAINT `test_results_ibfk_3` FOREIGN KEY (`subfactor_id`) REFERENCES `subfactors` (`id`) ON DELETE CASCADE
) ENGINE=InnoDB AUTO_INCREMENT=130 DEFAULT CHARSET=utf8mb4 COLLATE=utf8mb4_unicode_ci;
/*!40101 SET character_set_client = @saved_cs_client */;

--
-- Dumping data for table `test_results`
--

LOCK TABLES `test_results` WRITE;
/*!40000 ALTER TABLE `test_results` DISABLE KEYS */;
INSERT INTO `test_results` VALUES (21,6,12,55,8.00,10.00,80.00,'2025-11-04 15:15:27'),(22,6,12,68,10.00,10.00,100.00,'2025-11-04 15:15:27'),(23,6,12,59,9.00,10.00,90.00,'2025-11-04 15:15:27'),(24,6,12,66,6.00,10.00,60.00,'2025-11-04 15:15:27'),(25,6,12,63,7.00,10.00,70.00,'2025-11-04 15:15:27'),(26,6,12,56,9.00,10.00,90.00,'2025-11-04 15:15:27'),(27,6,12,60,7.00,10.00,70.00,'2025-11-04 15:15:27'),(28,6,12,64,9.00,10.00,90.00,'2025-11-04 15:15:27'),(29,6,12,69,6.00,10.00,60.00,'2025-11-04 15:15:27'),(30,6,12,67,8.00,10.00,80.00,'2025-11-04 15:15:27'),(31,7,12,55,7.00,10.00,70.00,'2025-11-04 15:24:34'),(32,7,12,68,7.00,10.00,70.00,'2025-11-04 15:24:34'),(33,7,12,59,7.00,10.00,70.00,'2025-11-04 15:24:34'),(34,7,12,66,6.00,10.00,60.00,'2025-11-04 15:24:34'),(35,7,12,63,7.00,10.00,70.00,'2025-11-04 15:24:34'),(36,7,12,56,7.00,10.00,70.00,'2025-11-04 15:24:34'),(37,7,12,60,6.00,10.00,60.00,'2025-11-04 15:24:34'),(38,7,12,64,5.00,10.00,50.00,'2025-11-04 15:24:34'),(39,7,12,69,9.00,10.00,90.00,'2025-11-04 15:24:34'),(40,7,12,67,7.00,10.00,70.00,'2025-11-04 15:24:34'),(41,10,12,55,8.00,10.00,80.00,'2025-11-07 10:23:59'),(42,10,12,68,6.00,10.00,60.00,'2025-11-07 10:23:59'),(43,10,12,59,8.00,10.00,80.00,'2025-11-07 10:23:59'),(44,10,12,66,6.00,10.00,60.00,'2025-11-07 10:23:59'),(45,10,12,63,6.00,10.00,60.00,'2025-11-07 10:23:59'),(46,10,12,56,8.00,10.00,80.00,'2025-11-07 10:23:59'),(47,10,12,60,6.00,10.00,60.00,'2025-11-07 10:23:59'),(48,10,12,64,7.00,10.00,70.00,'2025-11-07 10:23:59'),(49,10,12,69,5.00,10.00,50.00,'2025-11-07 10:23:59'),(50,10,12,67,6.00,10.00,60.00,'2025-11-07 10:23:59'),(51,11,12,55,7.00,10.00,70.00,'2025-11-08 11:09:41'),(52,11,12,68,6.00,10.00,60.00,'2025-11-08 11:09:41'),(53,11,12,59,4.00,10.00,40.00,'2025-11-08 11:09:41'),(54,11,12,66,7.00,10.00,70.00,'2025-11-08 11:09:41'),(55,11,12,63,4.00,10.00,40.00,'2025-11-08 11:09:41'),(56,11,12,56,7.00,10.00,70.00,'2025-11-08 11:09:41'),(57,11,12,60,6.00,10.00,60.00,'2025-11-08 11:09:41'),(58,11,12,64,8.00,10.00,80.00,'2025-11-08 11:09:41'),(59,11,12,69,5.00,10.00,50.00,'2025-11-08 11:09:41'),(60,11,12,67,6.00,10.00,60.00,'2025-11-08 11:09:41'),(61,12,12,55,6.00,10.00,60.00,'2025-11-09 10:48:01'),(62,12,12,68,3.00,10.00,30.00,'2025-11-09 10:48:01'),(63,12,12,59,5.00,10.00,50.00,'2025-11-09 10:48:01'),(64,12,12,66,6.00,10.00,60.00,'2025-11-09 10:48:01'),(65,12,12,63,6.00,10.00,60.00,'2025-11-09 10:48:01'),(66,12,12,56,7.00,10.00,70.00,'2025-11-09 10:48:01'),(67,12,12,60,7.00,10.00,70.00,'2025-11-09 10:48:01'),(68,12,12,64,5.00,10.00,50.00,'2025-11-09 10:48:01'),(69,12,12,69,5.00,10.00,50.00,'2025-11-09 10:48:01'),(70,12,12,67,6.00,10.00,60.00,'2025-11-09 10:48:01'),(71,13,12,55,6.00,10.00,60.00,'2025-11-11 10:04:11'),(72,13,12,68,6.00,10.00,60.00,'2025-11-11 10:04:11'),(73,13,12,59,5.00,10.00,50.00,'2025-11-11 10:04:11'),(74,13,12,66,13.00,15.00,86.67,'2025-11-11 10:04:11'),(75,13,12,63,5.00,10.00,50.00,'2025-11-11 10:04:11'),(76,13,12,56,3.00,5.00,60.00,'2025-11-11 10:04:11'),(77,13,12,60,5.00,10.00,50.00,'2025-11-11 10:04:11'),(78,13,12,64,4.00,10.00,40.00,'2025-11-11 10:04:11'),(79,13,12,69,10.00,10.00,100.00,'2025-11-11 10:04:11'),(80,13,12,67,6.00,10.00,60.00,'2025-11-11 10:04:11'),(81,14,12,55,8.00,10.00,80.00,'2025-11-12 14:26:17'),(82,14,12,68,6.00,10.00,60.00,'2025-11-12 14:26:17'),(83,14,12,59,7.00,10.00,70.00,'2025-11-12 14:26:17'),(84,14,12,66,11.00,15.00,73.33,'2025-11-12 14:26:17'),(85,14,12,63,6.00,10.00,60.00,'2025-11-12 14:26:17'),(86,14,12,56,4.00,5.00,80.00,'2025-11-12 14:26:17'),(87,14,12,60,7.00,10.00,70.00,'2025-11-12 14:26:17'),(88,14,12,64,7.00,10.00,70.00,'2025-11-12 14:26:17'),(89,14,12,69,6.00,10.00,60.00,'2025-11-12 14:26:17'),(90,14,12,67,8.00,10.00,80.00,'2025-11-12 14:26:17'),(91,15,12,55,8.00,10.00,80.00,'2025-11-14 12:00:54'),(92,15,12,68,3.00,10.00,30.00,'2025-11-14 12:00:54'),(93,15,12,59,6.00,10.00,60.00,'2025-11-14 12:00:54'),(94,15,12,66,8.00,15.00,53.33,'2025-11-14 12:00:54'),(95,15,12,63,7.00,10.00,70.00,'2025-11-14 12:00:54'),(96,15,12,56,4.00,5.00,80.00,'2025-11-14 12:00:54'),(97,15,12,60,7.00,10.00,70.00,'2025-11-14 12:00:54'),(98,15,12,64,6.00,10.00,60.00,'2025-11-14 12:00:54'),(99,15,12,69,7.00,10.00,70.00,'2025-11-14 12:00:54'),(100,15,12,67,7.00,10.00,70.00,'2025-11-14 12:00:54'),(101,15,24,149,2.00,5.00,40.00,'2025-11-17 20:33:05'),(102,15,24,152,5.00,5.00,100.00,'2025-11-17 20:33:05'),(105,15,25,169,5.00,5.00,100.00,'2025-11-17 21:02:12'),(106,15,26,187,4.00,5.00,80.00,'2025-11-17 21:07:26'),(107,15,26,185,4.00,5.00,80.00,'2025-11-17 21:07:26'),(108,17,12,55,9.00,10.00,90.00,'2025-11-18 09:07:31'),(109,17,12,68,7.00,10.00,70.00,'2025-11-18 09:07:31'),(110,17,12,59,6.00,10.00,60.00,'2025-11-18 09:07:31'),(111,17,12,66,10.00,15.00,66.67,'2025-11-18 09:07:31'),(112,17,12,63,3.00,10.00,30.00,'2025-11-18 09:07:31'),(113,17,12,56,3.00,5.00,60.00,'2025-11-18 09:07:31'),(114,17,12,60,7.00,10.00,70.00,'2025-11-18 09:07:31'),(115,17,12,64,6.00,10.00,60.00,'2025-11-18 09:07:31'),(116,17,12,69,2.00,10.00,20.00,'2025-11-18 09:07:31'),(117,17,12,67,7.00,10.00,70.00,'2025-11-18 09:07:31'),(118,17,26,187,5.00,5.00,100.00,'2025-11-18 09:12:35'),(119,17,26,185,1.00,5.00,20.00,'2025-11-18 09:12:35'),(120,21,12,55,8.00,10.00,80.00,'2025-12-01 20:47:57'),(121,21,12,68,6.00,10.00,60.00,'2025-12-01 20:47:57'),(122,21,12,59,8.00,10.00,80.00,'2025-12-01 20:47:57'),(123,21,12,66,10.00,15.00,66.67,'2025-12-01 20:47:57'),(124,21,12,63,8.00,10.00,80.00,'2025-12-01 20:47:57'),(125,21,12,56,3.00,5.00,60.00,'2025-12-01 20:47:57'),(126,21,12,60,6.00,10.00,60.00,'2025-12-01 20:47:57'),(127,21,12,64,7.00,10.00,70.00,'2025-12-01 20:47:57'),(128,21,12,69,5.00,10.00,50.00,'2025-12-01 20:47:57'),(129,21,12,67,7.00,10.00,70.00,'2025-12-01 20:47:58');
/*!40000 ALTER TABLE `test_results` ENABLE KEYS */;
UNLOCK TABLES;

--
-- Table structure for table `tests`
--

DROP TABLE IF EXISTS `tests`;
/*!40101 SET @saved_cs_client     = @@character_set_client */;
/*!50503 SET character_set_client = utf8mb4 */;
CREATE TABLE `tests` (
  `id` bigint NOT NULL AUTO_INCREMENT,
  `code` varchar(50) COLLATE utf8mb4_unicode_ci NOT NULL,
  `title` varchar(200) COLLATE utf8mb4_unicode_ci NOT NULL,
  `description` text COLLATE utf8mb4_unicode_ci,
  `active` tinyint(1) DEFAULT '1',
  `created_at` timestamp NULL DEFAULT CURRENT_TIMESTAMP,
  `category` varchar(100) COLLATE utf8mb4_unicode_ci DEFAULT NULL,
  `topic` varchar(100) COLLATE utf8mb4_unicode_ci DEFAULT NULL,
  PRIMARY KEY (`id`),
  UNIQUE KEY `code` (`code`)
) ENGINE=InnoDB AUTO_INCREMENT=32 DEFAULT CHARSET=utf8mb4 COLLATE=utf8mb4_unicode_ci;
/*!40101 SET character_set_client = @saved_cs_client */;

--
-- Dumping data for table `tests`
--

LOCK TABLES `tests` WRITE;
/*!40000 ALTER TABLE `tests` DISABLE KEYS */;
INSERT INTO `tests` VALUES (11,'uno','uno','unio\n',0,'2025-11-04 11:53:29','EVALUATION','Prueba'),(12,'INITIAL_LEGACY','Test Inicial de Personalidad','Test básico de personalidad para nuevos usuarios',0,'2025-11-04 13:00:09',NULL,NULL),(13,'2','2','2',0,'2025-11-04 12:39:48','DISCOVERY','Mindfulness'),(14,'Test aleatorio prueba','Test aleatorio prueba','Test aleatorio prueba',1,'2025-11-04 14:22:15',NULL,NULL),(18,'alvaor','avlarfo','adawdaw',1,'2025-11-04 14:51:59','DISCOVERY',''),(20,'Nuevo test de prueva','Nuevo test de prueva','Nuevo test de prueva',1,'2025-11-04 15:16:43','DISCOVERY',''),(21,'test de priuebna ','test de priuebna ','test de priuebna ',1,'2025-11-04 15:21:57',NULL,NULL),(23,'hola','hola','hola',1,'2025-11-04 20:38:37',NULL,NULL),(24,'Test para probar ','test para probar','mirando a ver si  funca',1,'2025-11-16 19:58:01',NULL,NULL),(25,'sosaoaoso','oedkdk','dosaadwd',1,'2025-11-17 21:01:18',NULL,NULL),(26,'mIRA A VER','HOLA','MIRA ',1,'2025-11-17 21:05:28',NULL,NULL),(27,'INITIAL','Test Inicial de Matching','Cuestionario breve para conectar pacientes con el profesional adecuado.',1,'2025-11-24 12:56:31',NULL,NULL),(28,'16PF','16PF: Test de personalidad','Test completo de personalidad basado en los 16 factores de personalidad',1,'2025-12-11 16:27:27',NULL,NULL),(29,'123','1231','123',1,'2025-12-11 17:59:02',NULL,NULL),(30,'PSYCHOLOGIST_MATCHING','Test de Matching para Psicólogos','Cuestionario completo para determinar el perfil profesional del psicólogo para matching con pacientes',1,'2025-12-28 18:28:38','MATCHING',NULL),(31,'PATIENT_MATCHING','Test de Matching para Pacientes','Cuestionario para conectar pacientes con psicólogos compatibles',1,'2025-12-28 18:28:39','MATCHING',NULL);
/*!40000 ALTER TABLE `tests` ENABLE KEYS */;
UNLOCK TABLES;

--
-- Table structure for table `user_answers`
--

DROP TABLE IF EXISTS `user_answers`;
/*!40101 SET @saved_cs_client     = @@character_set_client */;
/*!50503 SET character_set_client = utf8mb4 */;
CREATE TABLE `user_answers` (
  `id` bigint NOT NULL AUTO_INCREMENT,
  `user_id` bigint DEFAULT NULL,
  `question_id` bigint NOT NULL,
  `answer_id` bigint DEFAULT NULL,
  `numeric_value` double DEFAULT NULL,
  `created_at` timestamp NULL DEFAULT CURRENT_TIMESTAMP,
  `session_id` bigint DEFAULT NULL,
  `text_value` varchar(1000) COLLATE utf8mb4_unicode_ci DEFAULT NULL,
  PRIMARY KEY (`id`),
  KEY `question_id` (`question_id`),
  KEY `answer_id` (`answer_id`),
  KEY `idx_user_answers_session` (`session_id`),
  KEY `idx_user_answers_user_id_fk` (`user_id`),
  CONSTRAINT `user_answers_ibfk_1` FOREIGN KEY (`user_id`) REFERENCES `users` (`id`) ON DELETE CASCADE,
  CONSTRAINT `user_answers_ibfk_2` FOREIGN KEY (`question_id`) REFERENCES `questions` (`id`) ON DELETE CASCADE,
  CONSTRAINT `user_answers_ibfk_3` FOREIGN KEY (`answer_id`) REFERENCES `answers` (`id`) ON DELETE SET NULL,
  CONSTRAINT `user_answers_ibfk_4` FOREIGN KEY (`session_id`) REFERENCES `temporary_sessions` (`id`) ON DELETE CASCADE
) ENGINE=InnoDB AUTO_INCREMENT=1436 DEFAULT CHARSET=utf8mb4 COLLATE=utf8mb4_unicode_ci;
/*!40101 SET character_set_client = @saved_cs_client */;

--
-- Dumping data for table `user_answers`
--

LOCK TABLES `user_answers` WRITE;
/*!40000 ALTER TABLE `user_answers` DISABLE KEYS */;
INSERT INTO `user_answers` VALUES (103,6,52,207,4,'2025-11-04 15:15:27',NULL,NULL),(104,6,53,212,4,'2025-11-04 15:15:27',NULL,NULL),(105,6,54,217,4,'2025-11-04 15:15:27',NULL,NULL),(106,6,55,221,5,'2025-11-04 15:15:27',NULL,NULL),(107,6,56,226,5,'2025-11-04 15:15:27',NULL,NULL),(108,6,57,232,4,'2025-11-04 15:15:27',NULL,NULL),(109,6,58,236,5,'2025-11-04 15:15:27',NULL,NULL),(110,6,59,244,2,'2025-11-04 15:15:27',NULL,NULL),(111,6,60,247,4,'2025-11-04 15:15:27',NULL,NULL),(112,6,61,253,3,'2025-11-04 15:15:27',NULL,NULL),(113,6,62,257,4,'2025-11-04 15:15:27',NULL,NULL),(114,6,63,261,5,'2025-11-04 15:15:27',NULL,NULL),(115,6,64,268,3,'2025-11-04 15:15:27',NULL,NULL),(116,6,65,273,3,'2025-11-04 15:15:27',NULL,NULL),(117,6,66,278,3,'2025-11-04 15:15:27',NULL,NULL),(118,6,67,281,5,'2025-11-04 15:15:27',NULL,NULL),(119,6,68,286,5,'2025-11-04 15:15:27',NULL,NULL),(120,6,69,291,5,'2025-11-04 15:15:27',NULL,NULL),(121,6,70,297,4,'2025-11-04 15:15:27',NULL,NULL),(122,6,71,304,2,'2025-11-04 15:15:27',NULL,NULL),(143,7,52,208,3,'2025-11-04 15:24:34',NULL,NULL),(144,7,53,212,4,'2025-11-04 15:24:34',NULL,NULL),(145,7,54,219,2,'2025-11-04 15:24:34',NULL,NULL),(146,7,55,221,5,'2025-11-04 15:24:34',NULL,NULL),(147,7,56,229,2,'2025-11-04 15:24:34',NULL,NULL),(148,7,57,231,5,'2025-11-04 15:24:34',NULL,NULL),(149,7,58,239,2,'2025-11-04 15:24:34',NULL,NULL),(150,7,59,242,4,'2025-11-04 15:24:34',NULL,NULL),(151,7,60,249,2,'2025-11-04 15:24:34',NULL,NULL),(152,7,61,251,5,'2025-11-04 15:24:34',NULL,NULL),(153,7,62,260,1,'2025-11-04 15:24:34',NULL,NULL),(154,7,63,262,4,'2025-11-04 15:24:34',NULL,NULL),(155,7,64,269,2,'2025-11-04 15:24:34',NULL,NULL),(156,7,65,272,4,'2025-11-04 15:24:34',NULL,NULL),(157,7,66,279,2,'2025-11-04 15:24:34',NULL,NULL),(158,7,67,281,5,'2025-11-04 15:24:34',NULL,NULL),(159,7,68,289,2,'2025-11-04 15:24:34',NULL,NULL),(160,7,69,291,5,'2025-11-04 15:24:34',NULL,NULL),(161,7,70,297,4,'2025-11-04 15:24:34',NULL,NULL),(162,7,71,301,5,'2025-11-04 15:24:34',NULL,NULL),(163,NULL,52,206,5,'2025-11-04 18:37:37',36,NULL),(164,NULL,53,215,1,'2025-11-04 18:37:37',36,NULL),(165,NULL,54,219,2,'2025-11-04 18:37:38',36,NULL),(166,NULL,55,222,4,'2025-11-04 18:37:38',36,NULL),(167,NULL,56,226,5,'2025-11-04 18:37:38',36,NULL),(168,NULL,57,233,3,'2025-11-04 18:37:38',36,NULL),(169,NULL,58,236,5,'2025-11-04 18:37:38',36,NULL),(170,NULL,59,244,2,'2025-11-04 18:37:38',36,NULL),(171,NULL,60,247,4,'2025-11-04 18:37:38',36,NULL),(172,NULL,61,254,2,'2025-11-04 18:37:38',36,NULL),(173,NULL,62,260,1,'2025-11-04 18:37:38',36,NULL),(174,NULL,63,261,5,'2025-11-04 18:37:38',36,NULL),(175,NULL,64,268,3,'2025-11-04 18:37:38',36,NULL),(176,NULL,65,274,2,'2025-11-04 18:37:38',36,NULL),(177,NULL,66,276,5,'2025-11-04 18:37:38',36,NULL),(178,NULL,67,283,3,'2025-11-04 18:37:38',36,NULL),(179,NULL,68,286,5,'2025-11-04 18:37:38',36,NULL),(180,NULL,69,293,3,'2025-11-04 18:37:38',36,NULL),(181,NULL,70,299,2,'2025-11-04 18:37:38',36,NULL),(182,NULL,71,301,5,'2025-11-04 18:37:38',36,NULL),(203,10,52,207,4,'2025-11-07 10:23:59',NULL,NULL),(204,10,53,212,4,'2025-11-07 10:23:59',NULL,NULL),(205,10,54,217,4,'2025-11-07 10:23:59',NULL,NULL),(206,10,55,222,4,'2025-11-07 10:23:59',NULL,NULL),(207,10,56,227,4,'2025-11-07 10:23:59',NULL,NULL),(208,10,57,232,4,'2025-11-07 10:23:59',NULL,NULL),(209,10,58,237,4,'2025-11-07 10:23:59',NULL,NULL),(210,10,59,244,2,'2025-11-07 10:23:59',NULL,NULL),(211,10,60,247,4,'2025-11-07 10:23:59',NULL,NULL),(212,10,61,254,2,'2025-11-07 10:23:59',NULL,NULL),(213,10,62,257,4,'2025-11-07 10:23:59',NULL,NULL),(214,10,63,263,3,'2025-11-07 10:23:59',NULL,NULL),(215,10,64,268,3,'2025-11-07 10:23:59',NULL,NULL),(216,10,65,273,3,'2025-11-07 10:23:59',NULL,NULL),(217,10,66,278,3,'2025-11-07 10:23:59',NULL,NULL),(218,10,67,283,3,'2025-11-07 10:23:59',NULL,NULL),(219,10,68,288,3,'2025-11-07 10:23:59',NULL,NULL),(220,10,69,293,3,'2025-11-07 10:23:59',NULL,NULL),(221,10,70,298,3,'2025-11-07 10:23:59',NULL,NULL),(222,10,71,304,2,'2025-11-07 10:23:59',NULL,NULL),(243,11,52,209,2,'2025-11-08 11:09:41',NULL,NULL),(244,11,53,211,5,'2025-11-08 11:09:41',NULL,NULL),(245,11,54,218,3,'2025-11-08 11:09:41',NULL,NULL),(246,11,55,222,4,'2025-11-08 11:09:41',NULL,NULL),(247,11,56,230,1,'2025-11-08 11:09:41',NULL,NULL),(248,11,57,233,3,'2025-11-08 11:09:41',NULL,NULL),(249,11,58,240,1,'2025-11-08 11:09:41',NULL,NULL),(250,11,59,241,5,'2025-11-08 11:09:41',NULL,NULL),(251,11,60,248,3,'2025-11-08 11:09:41',NULL,NULL),(252,11,61,255,1,'2025-11-08 11:09:41',NULL,NULL),(253,11,62,256,5,'2025-11-08 11:09:41',NULL,NULL),(254,11,63,263,3,'2025-11-08 11:09:41',NULL,NULL),(255,11,64,269,2,'2025-11-08 11:09:41',NULL,NULL),(256,11,65,271,5,'2025-11-08 11:09:41',NULL,NULL),(257,11,66,279,2,'2025-11-08 11:09:41',NULL,NULL),(258,11,67,282,4,'2025-11-08 11:09:41',NULL,NULL),(259,11,68,290,1,'2025-11-08 11:09:41',NULL,NULL),(260,11,69,291,5,'2025-11-08 11:09:41',NULL,NULL),(261,11,70,298,3,'2025-11-08 11:09:41',NULL,NULL),(262,11,71,304,2,'2025-11-08 11:09:41',NULL,NULL),(263,NULL,52,206,5,'2025-11-08 12:28:20',73,NULL),(264,NULL,53,212,4,'2025-11-08 12:28:20',73,NULL),(265,NULL,54,220,1,'2025-11-08 12:28:20',73,NULL),(266,NULL,55,222,4,'2025-11-08 12:28:20',73,NULL),(267,NULL,56,230,1,'2025-11-08 12:28:20',73,NULL),(268,NULL,57,232,4,'2025-11-08 12:28:20',73,NULL),(269,NULL,58,240,1,'2025-11-08 12:28:20',73,NULL),(270,NULL,59,241,5,'2025-11-08 12:28:20',73,NULL),(271,NULL,60,249,2,'2025-11-08 12:28:20',73,NULL),(272,NULL,61,252,4,'2025-11-08 12:28:20',73,NULL),(273,NULL,62,260,1,'2025-11-08 12:28:21',73,NULL),(274,NULL,63,261,5,'2025-11-08 12:28:21',73,NULL),(275,NULL,64,268,3,'2025-11-08 12:28:21',73,NULL),(276,NULL,65,275,1,'2025-11-08 12:28:21',73,NULL),(277,NULL,66,276,5,'2025-11-08 12:28:21',73,NULL),(278,NULL,67,284,2,'2025-11-08 12:28:21',73,NULL),(279,NULL,68,287,4,'2025-11-08 12:28:21',73,NULL),(280,NULL,69,295,1,'2025-11-08 12:28:21',73,NULL),(281,NULL,70,298,3,'2025-11-08 12:28:21',73,NULL),(282,NULL,71,302,4,'2025-11-08 12:28:21',73,NULL),(283,NULL,52,209,2,'2025-11-08 12:30:30',75,NULL),(284,NULL,53,211,5,'2025-11-08 12:30:30',75,NULL),(285,NULL,54,219,2,'2025-11-08 12:30:30',75,NULL),(286,NULL,55,221,5,'2025-11-08 12:30:30',75,NULL),(287,NULL,56,229,2,'2025-11-08 12:30:31',75,NULL),(288,NULL,57,232,4,'2025-11-08 12:30:31',75,NULL),(289,NULL,58,240,1,'2025-11-08 12:30:31',75,NULL),(290,NULL,59,242,4,'2025-11-08 12:30:31',75,NULL),(291,NULL,60,249,2,'2025-11-08 12:30:31',75,NULL),(292,NULL,61,251,5,'2025-11-08 12:30:31',75,NULL),(293,NULL,62,260,1,'2025-11-08 12:30:31',75,NULL),(294,NULL,63,263,3,'2025-11-08 12:30:31',75,NULL),(295,NULL,64,266,5,'2025-11-08 12:30:31',75,NULL),(296,NULL,65,274,2,'2025-11-08 12:30:31',75,NULL),(297,NULL,66,277,4,'2025-11-08 12:30:31',75,NULL),(298,NULL,67,285,1,'2025-11-08 12:30:31',75,NULL),(299,NULL,68,287,4,'2025-11-08 12:30:31',75,NULL),(300,NULL,69,295,1,'2025-11-08 12:30:31',75,NULL),(301,NULL,70,296,5,'2025-11-08 12:30:31',75,NULL),(302,NULL,71,302,4,'2025-11-08 12:30:31',75,NULL),(303,NULL,52,206,5,'2025-11-08 12:43:07',81,NULL),(304,NULL,53,211,5,'2025-11-08 12:43:07',81,NULL),(305,NULL,54,217,4,'2025-11-08 12:43:07',81,NULL),(306,NULL,55,223,3,'2025-11-08 12:43:07',81,NULL),(307,NULL,56,229,2,'2025-11-08 12:43:07',81,NULL),(308,NULL,57,234,2,'2025-11-08 12:43:07',81,NULL),(309,NULL,58,239,2,'2025-11-08 12:43:07',81,NULL),(310,NULL,59,244,2,'2025-11-08 12:43:07',81,NULL),(311,NULL,60,249,2,'2025-11-08 12:43:07',81,NULL),(312,NULL,61,254,2,'2025-11-08 12:43:07',81,NULL),(313,NULL,62,259,2,'2025-11-08 12:43:07',81,NULL),(314,NULL,63,264,2,'2025-11-08 12:43:07',81,NULL),(315,NULL,64,269,2,'2025-11-08 12:43:07',81,NULL),(316,NULL,65,274,2,'2025-11-08 12:43:07',81,NULL),(317,NULL,66,279,2,'2025-11-08 12:43:07',81,NULL),(318,NULL,67,284,2,'2025-11-08 12:43:07',81,NULL),(319,NULL,68,289,2,'2025-11-08 12:43:07',81,NULL),(320,NULL,69,294,2,'2025-11-08 12:43:07',81,NULL),(321,NULL,70,299,2,'2025-11-08 12:43:07',81,NULL),(322,NULL,71,304,2,'2025-11-08 12:43:07',81,NULL),(343,12,52,207,4,'2025-11-09 10:48:01',NULL,NULL),(344,12,53,214,2,'2025-11-09 10:48:01',NULL,NULL),(345,12,54,216,5,'2025-11-09 10:48:01',NULL,NULL),(346,12,55,224,2,'2025-11-09 10:48:01',NULL,NULL),(347,12,56,227,4,'2025-11-09 10:48:01',NULL,NULL),(348,12,57,235,1,'2025-11-09 10:48:01',NULL,NULL),(349,12,58,236,5,'2025-11-09 10:48:01',NULL,NULL),(350,12,59,244,2,'2025-11-09 10:48:01',NULL,NULL),(351,12,60,249,2,'2025-11-09 10:48:01',NULL,NULL),(352,12,61,252,4,'2025-11-09 10:48:01',NULL,NULL),(353,12,62,258,3,'2025-11-09 10:48:01',NULL,NULL),(354,12,63,264,2,'2025-11-09 10:48:01',NULL,NULL),(355,12,64,267,4,'2025-11-09 10:48:01',NULL,NULL),(356,12,65,274,2,'2025-11-09 10:48:01',NULL,NULL),(357,12,66,279,2,'2025-11-09 10:48:01',NULL,NULL),(358,12,67,282,4,'2025-11-09 10:48:01',NULL,NULL),(359,12,68,289,2,'2025-11-09 10:48:01',NULL,NULL),(360,12,69,295,1,'2025-11-09 10:48:01',NULL,NULL),(361,12,70,298,3,'2025-11-09 10:48:01',NULL,NULL),(362,12,71,304,2,'2025-11-09 10:48:01',NULL,NULL),(363,NULL,52,209,2,'2025-11-11 10:03:11',84,NULL),(364,NULL,53,212,4,'2025-11-11 10:03:11',84,NULL),(365,NULL,54,219,2,'2025-11-11 10:03:11',84,NULL),(366,NULL,55,221,5,'2025-11-11 10:03:11',84,NULL),(367,NULL,56,229,2,'2025-11-11 10:03:11',84,NULL),(368,NULL,57,233,3,'2025-11-11 10:03:11',84,NULL),(369,NULL,58,240,1,'2025-11-11 10:03:11',84,NULL),(370,NULL,59,243,3,'2025-11-11 10:03:11',84,NULL),(371,NULL,60,246,5,'2025-11-11 10:03:11',84,NULL),(372,NULL,61,254,2,'2025-11-11 10:03:11',84,NULL),(373,NULL,62,260,1,'2025-11-11 10:03:11',84,NULL),(374,NULL,63,262,4,'2025-11-11 10:03:11',84,NULL),(375,NULL,64,270,1,'2025-11-11 10:03:11',84,NULL),(376,NULL,65,273,3,'2025-11-11 10:03:11',84,NULL),(377,NULL,66,279,2,'2025-11-11 10:03:11',84,NULL),(378,NULL,67,282,4,'2025-11-11 10:03:11',84,NULL),(379,NULL,68,286,5,'2025-11-11 10:03:11',84,NULL),(380,NULL,69,295,1,'2025-11-11 10:03:11',84,NULL),(381,NULL,70,298,3,'2025-11-11 10:03:11',84,NULL),(382,NULL,71,301,5,'2025-11-11 10:03:11',84,NULL),(403,13,52,206,5,'2025-11-11 10:04:11',NULL,NULL),(404,13,53,215,1,'2025-11-11 10:04:11',NULL,NULL),(405,13,54,218,3,'2025-11-11 10:04:11',NULL,NULL),(406,13,55,221,5,'2025-11-11 10:04:11',NULL,NULL),(407,13,56,229,2,'2025-11-11 10:04:11',NULL,NULL),(408,13,57,233,3,'2025-11-11 10:04:11',NULL,NULL),(409,13,58,240,1,'2025-11-11 10:04:11',NULL,NULL),(410,13,59,242,4,'2025-11-11 10:04:11',NULL,NULL),(411,13,60,250,1,'2025-11-11 10:04:11',NULL,NULL),(412,13,61,252,4,'2025-11-11 10:04:11',NULL,NULL),(413,13,62,260,1,'2025-11-11 10:04:11',NULL,NULL),(414,13,63,263,3,'2025-11-11 10:04:11',NULL,NULL),(415,13,64,268,3,'2025-11-11 10:04:11',NULL,NULL),(416,13,65,271,5,'2025-11-11 10:04:11',NULL,NULL),(417,13,66,279,2,'2025-11-11 10:04:11',NULL,NULL),(418,13,67,282,4,'2025-11-11 10:04:11',NULL,NULL),(419,13,68,289,2,'2025-11-11 10:04:11',NULL,NULL),(420,13,69,292,4,'2025-11-11 10:04:11',NULL,NULL),(421,13,70,296,5,'2025-11-11 10:04:11',NULL,NULL),(422,13,71,301,5,'2025-11-11 10:04:11',NULL,NULL),(443,14,52,206,5,'2025-11-12 14:26:16',NULL,NULL),(444,14,53,213,3,'2025-11-12 14:26:16',NULL,NULL),(445,14,54,217,4,'2025-11-12 14:26:16',NULL,NULL),(446,14,55,224,2,'2025-11-12 14:26:16',NULL,NULL),(447,14,56,229,2,'2025-11-12 14:26:16',NULL,NULL),(448,14,57,231,5,'2025-11-12 14:26:16',NULL,NULL),(449,14,58,238,3,'2025-11-12 14:26:16',NULL,NULL),(450,14,59,242,4,'2025-11-12 14:26:16',NULL,NULL),(451,14,60,249,2,'2025-11-12 14:26:16',NULL,NULL),(452,14,61,252,4,'2025-11-12 14:26:16',NULL,NULL),(453,14,62,259,2,'2025-11-12 14:26:16',NULL,NULL),(454,14,63,261,5,'2025-11-12 14:26:16',NULL,NULL),(455,14,64,267,4,'2025-11-12 14:26:16',NULL,NULL),(456,14,65,271,5,'2025-11-12 14:26:16',NULL,NULL),(457,14,66,278,3,'2025-11-12 14:26:16',NULL,NULL),(458,14,67,281,5,'2025-11-12 14:26:16',NULL,NULL),(459,14,68,289,2,'2025-11-12 14:26:16',NULL,NULL),(460,14,69,292,4,'2025-11-12 14:26:16',NULL,NULL),(461,14,70,298,3,'2025-11-12 14:26:16',NULL,NULL),(462,14,71,303,3,'2025-11-12 14:26:16',NULL,NULL),(483,15,52,206,5,'2025-11-14 12:00:54',NULL,NULL),(484,15,53,213,3,'2025-11-14 12:00:54',NULL,NULL),(485,15,54,217,4,'2025-11-14 12:00:54',NULL,NULL),(486,15,55,225,1,'2025-11-14 12:00:54',NULL,NULL),(487,15,56,227,4,'2025-11-14 12:00:54',NULL,NULL),(488,15,57,234,2,'2025-11-14 12:00:54',NULL,NULL),(489,15,58,236,5,'2025-11-14 12:00:54',NULL,NULL),(490,15,59,244,2,'2025-11-14 12:00:54',NULL,NULL),(491,15,60,247,4,'2025-11-14 12:00:54',NULL,NULL),(492,15,61,253,3,'2025-11-14 12:00:54',NULL,NULL),(493,15,62,260,1,'2025-11-14 12:00:54',NULL,NULL),(494,15,63,261,5,'2025-11-14 12:00:54',NULL,NULL),(495,15,64,268,3,'2025-11-14 12:00:54',NULL,NULL),(496,15,65,272,4,'2025-11-14 12:00:54',NULL,NULL),(497,15,66,279,2,'2025-11-14 12:00:54',NULL,NULL),(498,15,67,281,5,'2025-11-14 12:00:54',NULL,NULL),(499,15,68,290,1,'2025-11-14 12:00:54',NULL,NULL),(500,15,69,294,2,'2025-11-14 12:00:54',NULL,NULL),(501,15,70,297,4,'2025-11-14 12:00:54',NULL,NULL),(502,15,71,303,3,'2025-11-14 12:00:54',NULL,NULL),(523,NULL,52,208,3,'2025-11-14 15:37:13',113,NULL),(524,NULL,53,213,3,'2025-11-14 15:37:13',113,NULL),(525,NULL,54,217,4,'2025-11-14 15:37:13',113,NULL),(526,NULL,55,223,3,'2025-11-14 15:37:13',113,NULL),(527,NULL,56,227,4,'2025-11-14 15:37:13',113,NULL),(528,NULL,57,232,4,'2025-11-14 15:37:13',113,NULL),(529,NULL,58,237,4,'2025-11-14 15:37:13',113,NULL),(530,NULL,59,242,4,'2025-11-14 15:37:13',113,NULL),(531,NULL,60,247,4,'2025-11-14 15:37:13',113,NULL),(532,NULL,61,252,4,'2025-11-14 15:37:13',113,NULL),(533,NULL,62,257,4,'2025-11-14 15:37:13',113,NULL),(534,NULL,63,262,4,'2025-11-14 15:37:13',113,NULL),(535,NULL,64,267,4,'2025-11-14 15:37:13',113,NULL),(536,NULL,65,272,4,'2025-11-14 15:37:13',113,NULL),(537,NULL,66,277,4,'2025-11-14 15:37:13',113,NULL),(538,NULL,67,282,4,'2025-11-14 15:37:13',113,NULL),(539,NULL,68,287,4,'2025-11-14 15:37:13',113,NULL),(540,NULL,69,292,4,'2025-11-14 15:37:14',113,NULL),(541,NULL,70,297,4,'2025-11-14 15:37:14',113,NULL),(542,NULL,71,302,4,'2025-11-14 15:37:14',113,NULL),(543,NULL,52,206,5,'2025-11-16 20:37:51',162,NULL),(544,NULL,53,212,4,'2025-11-16 20:37:51',162,NULL),(545,NULL,54,217,4,'2025-11-16 20:37:51',162,NULL),(546,NULL,55,222,4,'2025-11-16 20:37:51',162,NULL),(547,NULL,56,227,4,'2025-11-16 20:37:51',162,NULL),(548,NULL,57,232,4,'2025-11-16 20:37:51',162,NULL),(549,NULL,58,237,4,'2025-11-16 20:37:51',162,NULL),(550,NULL,59,242,4,'2025-11-16 20:37:51',162,NULL),(551,NULL,60,247,4,'2025-11-16 20:37:51',162,NULL),(552,NULL,61,252,4,'2025-11-16 20:37:51',162,NULL),(553,NULL,62,257,4,'2025-11-16 20:37:52',162,NULL),(554,NULL,63,262,4,'2025-11-16 20:37:52',162,NULL),(555,NULL,64,267,4,'2025-11-16 20:37:52',162,NULL),(556,NULL,65,272,4,'2025-11-16 20:37:52',162,NULL),(557,NULL,66,277,4,'2025-11-16 20:37:52',162,NULL),(558,NULL,67,282,4,'2025-11-16 20:37:52',162,NULL),(559,NULL,68,287,4,'2025-11-16 20:37:52',162,NULL),(560,NULL,69,292,4,'2025-11-16 20:37:52',162,NULL),(561,NULL,70,297,4,'2025-11-16 20:37:52',162,NULL),(562,NULL,71,302,4,'2025-11-16 20:37:52',162,NULL),(567,15,74,316,NULL,'2025-11-17 20:55:17',NULL,NULL),(568,15,75,324,NULL,'2025-11-17 20:55:17',NULL,NULL),(570,15,76,326,NULL,'2025-11-17 21:02:12',NULL,NULL),(571,15,77,332,NULL,'2025-11-17 21:07:25',NULL,NULL),(572,15,78,337,NULL,'2025-11-17 21:07:25',NULL,NULL),(593,17,52,206,5,'2025-11-18 09:07:31',NULL,NULL),(594,17,53,212,4,'2025-11-18 09:07:31',NULL,NULL),(595,17,54,218,3,'2025-11-18 09:07:31',NULL,NULL),(596,17,55,221,5,'2025-11-18 09:07:31',NULL,NULL),(597,17,56,229,2,'2025-11-18 09:07:31',NULL,NULL),(598,17,57,232,4,'2025-11-18 09:07:31',NULL,NULL),(599,17,58,239,2,'2025-11-18 09:07:31',NULL,NULL),(600,17,59,241,5,'2025-11-18 09:07:31',NULL,NULL),(601,17,60,250,1,'2025-11-18 09:07:31',NULL,NULL),(602,17,61,254,2,'2025-11-18 09:07:31',NULL,NULL),(603,17,62,256,5,'2025-11-18 09:07:31',NULL,NULL),(604,17,63,265,1,'2025-11-18 09:07:31',NULL,NULL),(605,17,64,268,3,'2025-11-18 09:07:31',NULL,NULL),(606,17,65,274,2,'2025-11-18 09:07:31',NULL,NULL),(607,17,66,276,5,'2025-11-18 09:07:31',NULL,NULL),(608,17,67,284,2,'2025-11-18 09:07:31',NULL,NULL),(609,17,68,288,3,'2025-11-18 09:07:31',NULL,NULL),(610,17,69,292,4,'2025-11-18 09:07:31',NULL,NULL),(611,17,70,300,1,'2025-11-18 09:07:31',NULL,NULL),(612,17,71,305,1,'2025-11-18 09:07:31',NULL,NULL),(613,17,77,331,NULL,'2025-11-18 09:12:35',NULL,NULL),(614,17,78,340,NULL,'2025-11-18 09:12:35',NULL,NULL),(615,NULL,52,207,4,'2025-11-19 21:13:33',170,NULL),(616,NULL,53,211,5,'2025-11-19 21:13:33',170,NULL),(617,NULL,54,219,2,'2025-11-19 21:13:33',170,NULL),(618,NULL,55,223,3,'2025-11-19 21:13:33',170,NULL),(619,NULL,56,226,5,'2025-11-19 21:13:33',170,NULL),(620,NULL,57,234,2,'2025-11-19 21:13:33',170,NULL),(621,NULL,58,237,4,'2025-11-19 21:13:33',170,NULL),(622,NULL,59,244,2,'2025-11-19 21:13:33',170,NULL),(623,NULL,60,247,4,'2025-11-19 21:13:33',170,NULL),(624,NULL,61,254,2,'2025-11-19 21:13:33',170,NULL),(625,NULL,62,256,5,'2025-11-19 21:13:33',170,NULL),(626,NULL,63,263,3,'2025-11-19 21:13:33',170,NULL),(627,NULL,64,267,4,'2025-11-19 21:13:33',170,NULL),(628,NULL,65,274,2,'2025-11-19 21:13:33',170,NULL),(629,NULL,66,277,4,'2025-11-19 21:13:33',170,NULL),(630,NULL,67,281,5,'2025-11-19 21:13:33',170,NULL),(631,NULL,68,287,4,'2025-11-19 21:13:33',170,NULL),(632,NULL,69,291,5,'2025-11-19 21:13:33',170,NULL),(633,NULL,70,298,3,'2025-11-19 21:13:33',170,NULL),(634,NULL,71,305,1,'2025-11-19 21:13:33',170,NULL),(651,18,79,346,NULL,'2025-11-24 11:59:11',NULL,NULL),(652,18,80,356,NULL,'2025-11-24 11:59:11',NULL,NULL),(653,18,81,357,NULL,'2025-11-24 11:59:11',NULL,NULL),(654,18,82,363,1,'2025-11-24 11:59:11',NULL,NULL),(655,18,83,369,2,'2025-11-24 11:59:11',NULL,NULL),(656,18,84,374,2,'2025-11-24 11:59:11',NULL,NULL),(657,18,85,381,4,'2025-11-24 11:59:11',NULL,NULL),(658,18,86,383,NULL,'2025-11-24 11:59:11',NULL,NULL),(659,18,87,386,NULL,'2025-11-24 11:59:11',NULL,NULL),(660,18,88,392,NULL,'2025-11-24 11:59:11',NULL,NULL),(661,18,89,397,NULL,'2025-11-24 11:59:11',NULL,NULL),(662,18,90,401,NULL,'2025-11-24 11:59:11',NULL,NULL),(663,18,91,406,NULL,'2025-11-24 11:59:11',NULL,NULL),(664,18,92,NULL,21,'2025-11-24 11:59:11',NULL,NULL),(665,18,93,408,NULL,'2025-11-24 11:59:11',NULL,NULL),(666,18,94,NULL,NULL,'2025-11-24 11:59:11',NULL,'algo porque on'),(684,19,79,341,NULL,'2025-11-24 12:11:43',NULL,NULL),(685,19,80,355,NULL,'2025-11-24 12:11:43',NULL,NULL),(686,19,81,358,NULL,'2025-11-24 12:11:43',NULL,NULL),(687,19,82,366,4,'2025-11-24 12:11:43',NULL,NULL),(688,19,83,368,1,'2025-11-24 12:11:43',NULL,NULL),(689,19,84,373,1,'2025-11-24 12:11:43',NULL,NULL),(690,19,85,380,3,'2025-11-24 12:11:43',NULL,NULL),(691,19,86,384,NULL,'2025-11-24 12:11:43',NULL,NULL),(692,19,87,385,NULL,'2025-11-24 12:11:43',NULL,NULL),(693,19,88,392,NULL,'2025-11-24 12:11:43',NULL,NULL),(694,19,89,396,NULL,'2025-11-24 12:11:43',NULL,NULL),(695,19,90,399,NULL,'2025-11-24 12:11:43',NULL,NULL),(696,19,91,407,NULL,'2025-11-24 12:11:43',NULL,NULL),(697,19,92,NULL,21,'2025-11-24 12:11:43',NULL,NULL),(698,19,93,408,NULL,'2025-11-24 12:11:43',NULL,NULL),(699,19,94,NULL,NULL,'2025-11-24 12:11:43',NULL,'uwu'),(717,20,79,341,NULL,'2025-12-01 20:12:25',NULL,NULL),(718,20,80,355,NULL,'2025-12-01 20:12:25',NULL,NULL),(719,20,81,360,NULL,'2025-12-01 20:12:25',NULL,NULL),(720,20,82,363,1,'2025-12-01 20:12:25',NULL,NULL),(721,20,83,369,2,'2025-12-01 20:12:25',NULL,NULL),(722,20,84,375,3,'2025-12-01 20:12:25',NULL,NULL),(723,20,85,378,1,'2025-12-01 20:12:25',NULL,NULL),(724,20,86,384,NULL,'2025-12-01 20:12:25',NULL,NULL),(725,20,87,385,NULL,'2025-12-01 20:12:25',NULL,NULL),(726,20,88,393,NULL,'2025-12-01 20:12:25',NULL,NULL),(727,20,89,396,NULL,'2025-12-01 20:12:25',NULL,NULL),(728,20,90,401,NULL,'2025-12-01 20:12:25',NULL,NULL),(729,20,91,406,NULL,'2025-12-01 20:12:25',NULL,NULL),(730,20,92,NULL,31,'2025-12-01 20:12:25',NULL,NULL),(731,20,93,408,NULL,'2025-12-01 20:12:25',NULL,NULL),(732,20,94,NULL,NULL,'2025-12-01 20:12:25',NULL,'que es lo que quieres'),(751,21,79,341,NULL,'2025-12-01 20:44:41',NULL,NULL),(752,21,80,354,NULL,'2025-12-01 20:44:41',NULL,NULL),(753,21,81,358,NULL,'2025-12-01 20:44:41',NULL,NULL),(754,21,82,363,1,'2025-12-01 20:44:41',NULL,NULL),(755,21,83,368,1,'2025-12-01 20:44:41',NULL,NULL),(756,21,84,373,1,'2025-12-01 20:44:41',NULL,NULL),(757,21,85,379,2,'2025-12-01 20:44:41',NULL,NULL),(758,21,86,383,NULL,'2025-12-01 20:44:41',NULL,NULL),(759,21,87,388,NULL,'2025-12-01 20:44:41',NULL,NULL),(760,21,88,391,NULL,'2025-12-01 20:44:41',NULL,NULL),(761,21,89,396,NULL,'2025-12-01 20:44:41',NULL,NULL),(762,21,90,400,NULL,'2025-12-01 20:44:41',NULL,NULL),(763,21,91,407,NULL,'2025-12-01 20:44:41',NULL,NULL),(764,21,92,NULL,23,'2025-12-01 20:44:41',NULL,NULL),(765,21,93,408,NULL,'2025-12-01 20:44:41',NULL,NULL),(766,21,94,NULL,NULL,'2025-12-01 20:44:41',NULL,'lo que sea'),(767,21,52,206,NULL,'2025-12-01 20:47:57',NULL,NULL),(768,21,53,213,NULL,'2025-12-01 20:47:57',NULL,NULL),(769,21,54,218,NULL,'2025-12-01 20:47:57',NULL,NULL),(770,21,55,221,NULL,'2025-12-01 20:47:57',NULL,NULL),(771,21,56,228,NULL,'2025-12-01 20:47:57',NULL,NULL),(772,21,57,231,NULL,'2025-12-01 20:47:57',NULL,NULL),(773,21,58,238,NULL,'2025-12-01 20:47:57',NULL,NULL),(774,21,59,243,NULL,'2025-12-01 20:47:57',NULL,NULL),(775,21,60,246,NULL,'2025-12-01 20:47:57',NULL,NULL),(776,21,61,253,NULL,'2025-12-01 20:47:57',NULL,NULL),(777,21,62,258,NULL,'2025-12-01 20:47:57',NULL,NULL),(778,21,63,262,NULL,'2025-12-01 20:47:57',NULL,NULL),(779,21,64,269,NULL,'2025-12-01 20:47:57',NULL,NULL),(780,21,65,273,NULL,'2025-12-01 20:47:57',NULL,NULL),(781,21,66,276,NULL,'2025-12-01 20:47:57',NULL,NULL),(782,21,67,284,NULL,'2025-12-01 20:47:57',NULL,NULL),(783,21,68,287,NULL,'2025-12-01 20:47:57',NULL,NULL),(784,21,69,294,NULL,'2025-12-01 20:47:57',NULL,NULL),(785,21,70,297,NULL,'2025-12-01 20:47:57',NULL,NULL),(786,21,71,305,NULL,'2025-12-01 20:47:57',NULL,NULL),(787,NULL,79,341,NULL,'2025-12-14 16:28:53',202,NULL),(788,NULL,80,355,NULL,'2025-12-14 16:28:53',202,NULL),(789,NULL,81,357,NULL,'2025-12-14 16:28:53',202,NULL),(790,NULL,82,365,3,'2025-12-14 16:28:53',202,NULL),(791,NULL,83,370,3,'2025-12-14 16:28:53',202,NULL),(792,NULL,84,373,1,'2025-12-14 16:28:53',202,NULL),(793,NULL,85,379,2,'2025-12-14 16:28:53',202,NULL),(794,NULL,86,384,NULL,'2025-12-14 16:28:53',202,NULL),(795,NULL,87,390,NULL,'2025-12-14 16:28:53',202,NULL),(796,NULL,88,391,NULL,'2025-12-14 16:28:53',202,NULL),(797,NULL,88,392,NULL,'2025-12-14 16:28:53',202,NULL),(798,NULL,88,394,NULL,'2025-12-14 16:28:53',202,NULL),(799,NULL,89,398,NULL,'2025-12-14 16:28:53',202,NULL),(800,NULL,90,400,NULL,'2025-12-14 16:28:53',202,NULL),(801,NULL,91,406,NULL,'2025-12-14 16:28:53',202,NULL),(802,NULL,92,NULL,8989,'2025-12-14 16:28:53',202,NULL),(803,NULL,93,408,NULL,'2025-12-14 16:28:53',202,NULL),(804,NULL,94,NULL,NULL,'2025-12-14 16:28:53',202,'65rtr'),(805,NULL,79,341,NULL,'2025-12-14 16:31:30',203,NULL),(806,NULL,80,356,NULL,'2025-12-14 16:31:30',203,NULL),(807,NULL,81,357,NULL,'2025-12-14 16:31:30',203,NULL),(808,NULL,82,365,3,'2025-12-14 16:31:30',203,NULL),(809,NULL,83,368,1,'2025-12-14 16:31:30',203,NULL),(810,NULL,84,374,2,'2025-12-14 16:31:30',203,NULL),(811,NULL,85,378,1,'2025-12-14 16:31:30',203,NULL),(812,NULL,86,384,NULL,'2025-12-14 16:31:30',203,NULL),(813,NULL,87,390,NULL,'2025-12-14 16:31:30',203,NULL),(814,NULL,88,391,NULL,'2025-12-14 16:31:30',203,NULL),(815,NULL,88,394,NULL,'2025-12-14 16:31:31',203,NULL),(816,NULL,89,396,NULL,'2025-12-14 16:31:31',203,NULL),(817,NULL,90,400,NULL,'2025-12-14 16:31:31',203,NULL),(818,NULL,91,406,NULL,'2025-12-14 16:31:31',203,NULL),(819,NULL,92,NULL,21,'2025-12-14 16:31:31',203,NULL),(820,NULL,93,408,NULL,'2025-12-14 16:31:31',203,NULL),(821,NULL,93,411,NULL,'2025-12-14 16:31:31',203,NULL),(822,NULL,94,NULL,NULL,'2025-12-14 16:31:31',203,'nbnm'),(841,24,79,341,NULL,'2025-12-26 11:56:11',NULL,NULL),(842,24,80,355,NULL,'2025-12-26 11:56:11',NULL,NULL),(843,24,81,357,NULL,'2025-12-26 11:56:11',NULL,NULL),(844,24,82,365,3,'2025-12-26 11:56:11',NULL,NULL),(845,24,83,368,1,'2025-12-26 11:56:11',NULL,NULL),(846,24,84,374,2,'2025-12-26 11:56:11',NULL,NULL),(847,24,85,378,1,'2025-12-26 11:56:11',NULL,NULL),(848,24,86,384,NULL,'2025-12-26 11:56:11',NULL,NULL),(849,24,87,390,NULL,'2025-12-26 11:56:11',NULL,NULL),(850,24,88,391,NULL,'2025-12-26 11:56:11',NULL,NULL),(851,24,89,396,NULL,'2025-12-26 11:56:11',NULL,NULL),(852,24,90,403,NULL,'2025-12-26 11:56:11',NULL,NULL),(853,24,91,406,NULL,'2025-12-26 11:56:11',NULL,NULL),(854,24,92,NULL,21,'2025-12-26 11:56:11',NULL,NULL),(855,24,93,408,NULL,'2025-12-26 11:56:11',NULL,NULL),(856,24,94,NULL,NULL,'2025-12-26 11:56:11',NULL,'hola soy jaime'),(857,NULL,79,341,NULL,'2025-12-28 17:55:52',218,NULL),(858,NULL,80,356,NULL,'2025-12-28 17:55:52',218,NULL),(859,NULL,81,357,NULL,'2025-12-28 17:55:52',218,NULL),(860,NULL,82,366,4,'2025-12-28 17:55:52',218,NULL),(861,NULL,83,371,4,'2025-12-28 17:55:52',218,NULL),(862,NULL,84,375,3,'2025-12-28 17:55:52',218,NULL),(863,NULL,85,381,4,'2025-12-28 17:55:52',218,NULL),(864,NULL,86,384,NULL,'2025-12-28 17:55:52',218,NULL),(865,NULL,87,390,NULL,'2025-12-28 17:55:52',218,NULL),(866,NULL,88,392,NULL,'2025-12-28 17:55:52',218,NULL),(867,NULL,89,396,NULL,'2025-12-28 17:55:52',218,NULL),(868,NULL,90,401,NULL,'2025-12-28 17:55:52',218,NULL),(869,NULL,91,406,NULL,'2025-12-28 17:55:52',218,NULL),(870,NULL,92,NULL,23,'2025-12-28 17:55:52',218,NULL),(871,NULL,93,408,NULL,'2025-12-28 17:55:52',218,NULL),(872,NULL,94,NULL,NULL,'2025-12-28 17:55:52',218,'nada mas'),(889,25,79,341,NULL,'2025-12-28 18:07:56',NULL,NULL),(890,25,80,356,NULL,'2025-12-28 18:07:56',NULL,NULL),(891,25,81,358,NULL,'2025-12-28 18:07:56',NULL,NULL),(892,25,82,365,3,'2025-12-28 18:07:56',NULL,NULL),(893,25,83,368,1,'2025-12-28 18:07:56',NULL,NULL),(894,25,84,374,2,'2025-12-28 18:07:56',NULL,NULL),(895,25,85,378,1,'2025-12-28 18:07:56',NULL,NULL),(896,25,86,383,NULL,'2025-12-28 18:07:56',NULL,NULL),(897,25,87,385,NULL,'2025-12-28 18:07:56',NULL,NULL),(898,25,88,391,NULL,'2025-12-28 18:07:56',NULL,NULL),(899,25,89,396,NULL,'2025-12-28 18:07:56',NULL,NULL),(900,25,90,403,NULL,'2025-12-28 18:07:56',NULL,NULL),(901,25,91,406,NULL,'2025-12-28 18:07:56',NULL,NULL),(902,25,92,NULL,34,'2025-12-28 18:07:56',NULL,NULL),(903,25,93,408,NULL,'2025-12-28 18:07:56',NULL,NULL),(904,25,94,NULL,NULL,'2025-12-28 18:07:56',NULL,'234'),(905,25,299,1042,NULL,'2025-12-28 18:09:56',NULL,NULL),(906,25,300,NULL,NULL,'2025-12-28 18:09:56',NULL,'12'),(907,25,301,1045,NULL,'2025-12-28 18:09:56',NULL,NULL),(908,25,302,1054,NULL,'2025-12-28 18:09:56',NULL,NULL),(909,25,303,1057,NULL,'2025-12-28 18:09:56',NULL,NULL),(910,25,304,1063,NULL,'2025-12-28 18:09:56',NULL,NULL),(911,25,305,1065,NULL,'2025-12-28 18:09:57',NULL,NULL),(912,25,306,1067,NULL,'2025-12-28 18:09:57',NULL,NULL),(913,25,307,1081,NULL,'2025-12-28 18:09:57',NULL,NULL),(914,25,308,1087,NULL,'2025-12-28 18:09:57',NULL,NULL),(915,25,309,1090,NULL,'2025-12-28 18:09:57',NULL,NULL),(916,25,310,1094,NULL,'2025-12-28 18:09:57',NULL,NULL),(917,25,311,1097,NULL,'2025-12-28 18:09:57',NULL,NULL),(918,25,312,1099,NULL,'2025-12-28 18:09:57',NULL,NULL),(919,25,313,1108,NULL,'2025-12-28 18:09:57',NULL,NULL),(920,25,314,1112,NULL,'2025-12-28 18:09:57',NULL,NULL),(938,26,79,341,NULL,'2025-12-28 18:20:26',NULL,NULL),(939,26,80,356,NULL,'2025-12-28 18:20:26',NULL,NULL),(940,26,81,360,NULL,'2025-12-28 18:20:26',NULL,NULL),(941,26,82,366,4,'2025-12-28 18:20:26',NULL,NULL),(942,26,83,370,3,'2025-12-28 18:20:26',NULL,NULL),(943,26,84,375,3,'2025-12-28 18:20:26',NULL,NULL),(944,26,85,379,2,'2025-12-28 18:20:26',NULL,NULL),(945,26,86,384,NULL,'2025-12-28 18:20:26',NULL,NULL),(946,26,87,390,NULL,'2025-12-28 18:20:26',NULL,NULL),(947,26,88,391,NULL,'2025-12-28 18:20:26',NULL,NULL),(948,26,89,398,NULL,'2025-12-28 18:20:26',NULL,NULL),(949,26,90,403,NULL,'2025-12-28 18:20:26',NULL,NULL),(950,26,91,407,NULL,'2025-12-28 18:20:26',NULL,NULL),(951,26,92,NULL,32,'2025-12-28 18:20:26',NULL,NULL),(952,26,93,408,NULL,'2025-12-28 18:20:26',NULL,NULL),(953,26,94,NULL,NULL,'2025-12-28 18:20:26',NULL,'ew'),(1001,8,282,973,NULL,'2025-12-28 18:41:19',NULL,NULL),(1002,8,285,982,NULL,'2025-12-28 18:41:19',NULL,NULL),(1003,8,286,985,NULL,'2025-12-28 18:41:19',NULL,NULL),(1004,8,286,990,NULL,'2025-12-28 18:41:19',NULL,NULL),(1005,8,286,995,NULL,'2025-12-28 18:41:19',NULL,NULL),(1006,8,287,999,NULL,'2025-12-28 18:41:19',NULL,NULL),(1007,8,288,1006,NULL,'2025-12-28 18:41:19',NULL,NULL),(1008,8,289,1008,NULL,'2025-12-28 18:41:19',NULL,NULL),(1009,8,290,1011,NULL,'2025-12-28 18:41:19',NULL,NULL),(1010,8,291,1016,NULL,'2025-12-28 18:41:19',NULL,NULL),(1011,8,292,1018,NULL,'2025-12-28 18:41:19',NULL,NULL),(1012,8,292,1019,NULL,'2025-12-28 18:41:19',NULL,NULL),(1013,8,292,1026,NULL,'2025-12-28 18:41:19',NULL,NULL),(1014,8,293,1027,NULL,'2025-12-28 18:41:19',NULL,NULL),(1015,8,294,1030,NULL,'2025-12-28 18:41:19',NULL,NULL),(1016,8,295,1033,NULL,'2025-12-28 18:41:19',NULL,NULL),(1017,8,296,1036,NULL,'2025-12-28 18:41:19',NULL,NULL),(1018,8,297,1039,NULL,'2025-12-28 18:41:19',NULL,NULL),(1019,8,298,NULL,NULL,'2025-12-28 18:41:19',NULL,'en ninguno'),(1020,26,299,1042,NULL,'2025-12-28 19:14:44',NULL,NULL),(1021,26,300,NULL,NULL,'2025-12-28 19:14:44',NULL,'2006-06-01'),(1022,26,301,1045,NULL,'2025-12-28 19:14:44',NULL,NULL),(1023,26,303,1057,NULL,'2025-12-28 19:14:44',NULL,NULL),(1024,26,304,1063,NULL,'2025-12-28 19:14:44',NULL,NULL),(1025,26,305,1065,NULL,'2025-12-28 19:14:44',NULL,NULL),(1026,26,306,1067,NULL,'2025-12-28 19:14:44',NULL,NULL),(1027,26,307,1084,NULL,'2025-12-28 19:14:44',NULL,NULL),(1028,26,308,1089,NULL,'2025-12-28 19:14:44',NULL,NULL),(1029,26,309,1091,NULL,'2025-12-28 19:14:44',NULL,NULL),(1030,26,310,1095,NULL,'2025-12-28 19:14:44',NULL,NULL),(1031,26,311,1097,NULL,'2025-12-28 19:14:44',NULL,NULL),(1032,26,312,1099,NULL,'2025-12-28 19:14:44',NULL,NULL),(1033,26,313,1108,NULL,'2025-12-28 19:14:44',NULL,NULL),(1034,26,314,1111,NULL,'2025-12-28 19:14:44',NULL,NULL),(1035,27,282,973,NULL,'2025-12-28 21:18:05',NULL,NULL),(1036,27,285,984,NULL,'2025-12-28 21:18:05',NULL,NULL),(1037,27,286,985,NULL,'2025-12-28 21:18:05',NULL,NULL),(1038,27,286,986,NULL,'2025-12-28 21:18:05',NULL,NULL),(1039,27,286,987,NULL,'2025-12-28 21:18:05',NULL,NULL),(1040,27,287,1000,NULL,'2025-12-28 21:18:05',NULL,NULL),(1041,27,288,1002,NULL,'2025-12-28 21:18:05',NULL,NULL),(1042,27,288,1007,NULL,'2025-12-28 21:18:05',NULL,NULL),(1043,27,289,1010,NULL,'2025-12-28 21:18:05',NULL,NULL),(1044,27,290,1014,NULL,'2025-12-28 21:18:05',NULL,NULL),(1045,27,291,1017,NULL,'2025-12-28 21:18:05',NULL,NULL),(1046,27,292,1018,NULL,'2025-12-28 21:18:05',NULL,NULL),(1047,27,293,1027,NULL,'2025-12-28 21:18:05',NULL,NULL),(1048,27,294,1029,NULL,'2025-12-28 21:18:05',NULL,NULL),(1049,27,295,1033,NULL,'2025-12-28 21:18:05',NULL,NULL),(1050,27,295,1034,NULL,'2025-12-28 21:18:05',NULL,NULL),(1051,27,296,1036,NULL,'2025-12-28 21:18:05',NULL,NULL),(1052,27,297,1039,NULL,'2025-12-28 21:18:05',NULL,NULL),(1053,28,282,973,NULL,'2025-12-28 21:18:05',NULL,NULL),(1054,28,282,974,NULL,'2025-12-28 21:18:05',NULL,NULL),(1055,28,285,983,NULL,'2025-12-28 21:18:05',NULL,NULL),(1056,28,286,990,NULL,'2025-12-28 21:18:05',NULL,NULL),(1057,28,286,991,NULL,'2025-12-28 21:18:05',NULL,NULL),(1058,28,287,1001,NULL,'2025-12-28 21:18:05',NULL,NULL),(1059,28,288,1006,NULL,'2025-12-28 21:18:05',NULL,NULL),(1060,28,289,1010,NULL,'2025-12-28 21:18:05',NULL,NULL),(1061,28,290,1014,NULL,'2025-12-28 21:18:05',NULL,NULL),(1062,28,291,1017,NULL,'2025-12-28 21:18:05',NULL,NULL),(1063,28,292,1018,NULL,'2025-12-28 21:18:05',NULL,NULL),(1064,28,293,1027,NULL,'2025-12-28 21:18:05',NULL,NULL),(1065,28,294,1030,NULL,'2025-12-28 21:18:05',NULL,NULL),(1066,28,295,1034,NULL,'2025-12-28 21:18:05',NULL,NULL),(1067,28,296,1036,NULL,'2025-12-28 21:18:05',NULL,NULL),(1068,28,297,1040,NULL,'2025-12-28 21:18:05',NULL,NULL),(1069,29,282,975,NULL,'2025-12-28 21:18:05',NULL,NULL),(1070,29,283,976,NULL,'2025-12-28 21:18:05',NULL,NULL),(1071,29,284,980,NULL,'2025-12-28 21:18:05',NULL,NULL),(1072,29,285,982,NULL,'2025-12-28 21:18:05',NULL,NULL),(1073,29,286,988,NULL,'2025-12-28 21:18:05',NULL,NULL),(1074,29,286,989,NULL,'2025-12-28 21:18:05',NULL,NULL),(1075,29,287,999,NULL,'2025-12-28 21:18:05',NULL,NULL),(1076,29,288,1002,NULL,'2025-12-28 21:18:05',NULL,NULL),(1077,29,289,1008,NULL,'2025-12-28 21:18:05',NULL,NULL),(1078,29,290,1011,NULL,'2025-12-28 21:18:05',NULL,NULL),(1079,29,291,1016,NULL,'2025-12-28 21:18:05',NULL,NULL),(1080,29,292,1018,NULL,'2025-12-28 21:18:05',NULL,NULL),(1081,29,293,1027,NULL,'2025-12-28 21:18:05',NULL,NULL),(1082,29,294,1029,NULL,'2025-12-28 21:18:05',NULL,NULL),(1083,29,295,1032,NULL,'2025-12-28 21:18:05',NULL,NULL),(1084,29,295,1033,NULL,'2025-12-28 21:18:05',NULL,NULL),(1085,29,296,1036,NULL,'2025-12-28 21:18:05',NULL,NULL),(1086,29,297,1039,NULL,'2025-12-28 21:18:05',NULL,NULL),(1087,30,282,973,NULL,'2025-12-28 21:18:05',NULL,NULL),(1088,30,285,984,NULL,'2025-12-28 21:18:05',NULL,NULL),(1089,30,286,989,NULL,'2025-12-28 21:18:05',NULL,NULL),(1090,30,286,996,NULL,'2025-12-28 21:18:05',NULL,NULL),(1091,30,287,1000,NULL,'2025-12-28 21:18:05',NULL,NULL),(1092,30,288,1004,NULL,'2025-12-28 21:18:05',NULL,NULL),(1093,30,289,1009,NULL,'2025-12-28 21:18:05',NULL,NULL),(1094,30,290,1012,NULL,'2025-12-28 21:18:05',NULL,NULL),(1095,30,291,1017,NULL,'2025-12-28 21:18:05',NULL,NULL),(1096,30,292,1018,NULL,'2025-12-28 21:18:05',NULL,NULL),(1097,30,293,1027,NULL,'2025-12-28 21:18:05',NULL,NULL),(1098,30,294,1030,NULL,'2025-12-28 21:18:05',NULL,NULL),(1099,30,295,1033,NULL,'2025-12-28 21:18:05',NULL,NULL),(1100,30,295,1034,NULL,'2025-12-28 21:18:05',NULL,NULL),(1101,30,296,1036,NULL,'2025-12-28 21:18:05',NULL,NULL),(1102,30,297,1039,NULL,'2025-12-28 21:18:05',NULL,NULL),(1103,31,282,973,NULL,'2025-12-28 21:18:05',NULL,NULL),(1104,31,285,981,NULL,'2025-12-28 21:18:05',NULL,NULL),(1105,31,286,985,NULL,'2025-12-28 21:18:05',NULL,NULL),(1106,31,286,992,NULL,'2025-12-28 21:18:05',NULL,NULL),(1107,31,287,998,NULL,'2025-12-28 21:18:05',NULL,NULL),(1108,31,288,1003,NULL,'2025-12-28 21:18:05',NULL,NULL),(1109,31,289,1008,NULL,'2025-12-28 21:18:05',NULL,NULL),(1110,31,290,1014,NULL,'2025-12-28 21:18:05',NULL,NULL),(1111,31,291,1015,NULL,'2025-12-28 21:18:05',NULL,NULL),(1112,31,292,1018,NULL,'2025-12-28 21:18:05',NULL,NULL),(1113,31,293,1027,NULL,'2025-12-28 21:18:05',NULL,NULL),(1114,31,294,1029,NULL,'2025-12-28 21:18:05',NULL,NULL),(1115,31,295,1032,NULL,'2025-12-28 21:18:05',NULL,NULL),(1116,31,296,1036,NULL,'2025-12-28 21:18:05',NULL,NULL),(1117,31,297,1041,NULL,'2025-12-28 21:18:05',NULL,NULL),(1118,32,282,973,NULL,'2025-12-28 21:18:05',NULL,NULL),(1119,32,282,974,NULL,'2025-12-28 21:18:05',NULL,NULL),(1120,32,285,984,NULL,'2025-12-28 21:18:05',NULL,NULL),(1121,32,286,985,NULL,'2025-12-28 21:18:05',NULL,NULL),(1122,32,286,986,NULL,'2025-12-28 21:18:05',NULL,NULL),(1123,32,286,990,NULL,'2025-12-28 21:18:05',NULL,NULL),(1124,32,286,993,NULL,'2025-12-28 21:18:05',NULL,NULL),(1125,32,287,1001,NULL,'2025-12-28 21:18:05',NULL,NULL),(1126,32,288,1007,NULL,'2025-12-28 21:18:05',NULL,NULL),(1127,32,289,1010,NULL,'2025-12-28 21:18:05',NULL,NULL),(1128,32,290,1014,NULL,'2025-12-28 21:18:05',NULL,NULL),(1129,32,291,1017,NULL,'2025-12-28 21:18:05',NULL,NULL),(1130,32,292,1018,NULL,'2025-12-28 21:18:05',NULL,NULL),(1131,32,292,1019,NULL,'2025-12-28 21:18:05',NULL,NULL),(1132,32,293,1027,NULL,'2025-12-28 21:18:05',NULL,NULL),(1133,32,294,1030,NULL,'2025-12-28 21:18:06',NULL,NULL),(1134,32,295,1032,NULL,'2025-12-28 21:18:06',NULL,NULL),(1135,32,295,1033,NULL,'2025-12-28 21:18:06',NULL,NULL),(1136,32,295,1034,NULL,'2025-12-28 21:18:06',NULL,NULL),(1137,32,296,1038,NULL,'2025-12-28 21:18:06',NULL,NULL),(1138,32,297,1039,NULL,'2025-12-28 21:18:06',NULL,NULL),(1157,33,79,344,NULL,'2025-12-28 20:19:16',NULL,NULL),(1158,33,80,355,NULL,'2025-12-28 20:19:16',NULL,NULL),(1159,33,81,361,NULL,'2025-12-28 20:19:16',NULL,NULL),(1160,33,82,365,3,'2025-12-28 20:19:16',NULL,NULL),(1161,33,83,368,1,'2025-12-28 20:19:16',NULL,NULL),(1162,33,84,374,2,'2025-12-28 20:19:16',NULL,NULL),(1163,33,85,381,4,'2025-12-28 20:19:16',NULL,NULL),(1164,33,86,383,NULL,'2025-12-28 20:19:16',NULL,NULL),(1165,33,87,386,NULL,'2025-12-28 20:19:16',NULL,NULL),(1166,33,88,393,NULL,'2025-12-28 20:19:16',NULL,NULL),(1167,33,89,397,NULL,'2025-12-28 20:19:16',NULL,NULL),(1168,33,90,401,NULL,'2025-12-28 20:19:16',NULL,NULL),(1169,33,91,406,NULL,'2025-12-28 20:19:16',NULL,NULL),(1170,33,92,NULL,45,'2025-12-28 20:19:16',NULL,NULL),(1171,33,93,408,NULL,'2025-12-28 20:19:17',NULL,NULL),(1172,33,94,NULL,NULL,'2025-12-28 20:19:17',NULL,'y'),(1173,33,299,1043,NULL,'2025-12-28 20:20:06',NULL,NULL),(1174,33,300,NULL,NULL,'2025-12-28 20:20:07',NULL,'1965-02-02'),(1175,33,301,1051,NULL,'2025-12-28 20:20:07',NULL,NULL),(1176,33,303,1060,NULL,'2025-12-28 20:20:07',NULL,NULL),(1177,33,304,1064,NULL,'2025-12-28 20:20:07',NULL,NULL),(1178,33,305,1065,NULL,'2025-12-28 20:20:07',NULL,NULL),(1179,33,306,1070,NULL,'2025-12-28 20:20:07',NULL,NULL),(1180,33,306,1080,NULL,'2025-12-28 20:20:07',NULL,NULL),(1181,33,307,1084,NULL,'2025-12-28 20:20:07',NULL,NULL),(1182,33,308,1087,NULL,'2025-12-28 20:20:07',NULL,NULL),(1183,33,309,1092,NULL,'2025-12-28 20:20:07',NULL,NULL),(1184,33,310,1094,NULL,'2025-12-28 20:20:07',NULL,NULL),(1185,33,311,1098,NULL,'2025-12-28 20:20:07',NULL,NULL),(1186,33,312,1099,NULL,'2025-12-28 20:20:07',NULL,NULL),(1187,33,312,1107,NULL,'2025-12-28 20:20:07',NULL,NULL),(1188,33,313,1108,NULL,'2025-12-28 20:20:07',NULL,NULL),(1189,33,314,1113,NULL,'2025-12-28 20:20:07',NULL,NULL),(1207,34,79,353,NULL,'2025-12-29 11:35:00',NULL,NULL),(1208,34,80,355,NULL,'2025-12-29 11:35:00',NULL,NULL),(1209,34,81,360,NULL,'2025-12-29 11:35:00',NULL,NULL),(1210,34,82,365,3,'2025-12-29 11:35:00',NULL,NULL),(1211,34,83,371,4,'2025-12-29 11:35:00',NULL,NULL),(1212,34,84,373,1,'2025-12-29 11:35:00',NULL,NULL),(1213,34,85,378,1,'2025-12-29 11:35:00',NULL,NULL),(1214,34,86,383,NULL,'2025-12-29 11:35:00',NULL,NULL),(1215,34,87,389,NULL,'2025-12-29 11:35:00',NULL,NULL),(1216,34,88,395,NULL,'2025-12-29 11:35:00',NULL,NULL),(1217,34,89,398,NULL,'2025-12-29 11:35:00',NULL,NULL),(1218,34,90,404,NULL,'2025-12-29 11:35:00',NULL,NULL),(1219,34,91,405,NULL,'2025-12-29 11:35:00',NULL,NULL),(1220,34,92,NULL,23,'2025-12-29 11:35:00',NULL,NULL),(1221,34,93,409,NULL,'2025-12-29 11:35:00',NULL,NULL),(1222,34,94,NULL,NULL,'2025-12-29 11:35:00',NULL,'soy gay'),(1223,34,299,1044,NULL,'2025-12-29 11:35:46',NULL,NULL),(1224,34,300,NULL,NULL,'2025-12-29 11:35:47',NULL,'2552-06-01'),(1225,34,301,1047,NULL,'2025-12-29 11:35:47',NULL,NULL),(1226,34,302,1054,NULL,'2025-12-29 11:35:47',NULL,NULL),(1227,34,303,1058,NULL,'2025-12-29 11:35:47',NULL,NULL),(1228,34,304,1063,NULL,'2025-12-29 11:35:47',NULL,NULL),(1229,34,305,1066,NULL,'2025-12-29 11:35:47',NULL,NULL),(1230,34,306,1067,NULL,'2025-12-29 11:35:47',NULL,NULL),(1231,34,306,1069,NULL,'2025-12-29 11:35:47',NULL,NULL),(1232,34,307,1084,NULL,'2025-12-29 11:35:47',NULL,NULL),(1233,34,308,1086,NULL,'2025-12-29 11:35:47',NULL,NULL),(1234,34,309,1092,NULL,'2025-12-29 11:35:47',NULL,NULL),(1235,34,310,1094,NULL,'2025-12-29 11:35:47',NULL,NULL),(1236,34,311,1097,NULL,'2025-12-29 11:35:47',NULL,NULL),(1237,34,312,1099,NULL,'2025-12-29 11:35:47',NULL,NULL),(1238,34,312,1104,NULL,'2025-12-29 11:35:47',NULL,NULL),(1239,34,313,1108,NULL,'2025-12-29 11:35:47',NULL,NULL),(1240,34,314,1113,NULL,'2025-12-29 11:35:47',NULL,NULL),(1257,35,79,341,NULL,'2026-01-01 23:26:32',NULL,NULL),(1258,35,80,354,NULL,'2026-01-01 23:26:32',NULL,NULL),(1259,35,81,360,NULL,'2026-01-01 23:26:32',NULL,NULL),(1260,35,82,366,4,'2026-01-01 23:26:32',NULL,NULL),(1261,35,83,368,1,'2026-01-01 23:26:32',NULL,NULL),(1262,35,84,374,2,'2026-01-01 23:26:32',NULL,NULL),(1263,35,85,381,4,'2026-01-01 23:26:32',NULL,NULL),(1264,35,86,384,NULL,'2026-01-01 23:26:32',NULL,NULL),(1265,35,87,390,NULL,'2026-01-01 23:26:32',NULL,NULL),(1266,35,88,392,NULL,'2026-01-01 23:26:32',NULL,NULL),(1267,35,89,396,NULL,'2026-01-01 23:26:32',NULL,NULL),(1268,35,90,403,NULL,'2026-01-01 23:26:32',NULL,NULL),(1269,35,91,406,NULL,'2026-01-01 23:26:32',NULL,NULL),(1270,35,92,NULL,62,'2026-01-01 23:26:32',NULL,NULL),(1271,35,93,408,NULL,'2026-01-01 23:26:32',NULL,NULL),(1272,35,94,NULL,NULL,'2026-01-01 23:26:32',NULL,'no'),(1273,35,299,1042,NULL,'2026-01-01 23:27:33',NULL,NULL),(1274,35,300,NULL,NULL,'2026-01-01 23:27:33',NULL,'1965-10-02'),(1275,35,301,1052,NULL,'2026-01-01 23:27:33',NULL,NULL),(1276,35,303,1059,NULL,'2026-01-01 23:27:33',NULL,NULL),(1277,35,304,1063,NULL,'2026-01-01 23:27:33',NULL,NULL),(1278,35,305,1066,NULL,'2026-01-01 23:27:33',NULL,NULL),(1279,35,306,1067,NULL,'2026-01-01 23:27:33',NULL,NULL),(1280,35,307,1083,NULL,'2026-01-01 23:27:33',NULL,NULL),(1281,35,308,1087,NULL,'2026-01-01 23:27:33',NULL,NULL),(1282,35,309,1090,NULL,'2026-01-01 23:27:33',NULL,NULL),(1283,35,310,1094,NULL,'2026-01-01 23:27:33',NULL,NULL),(1284,35,311,1096,NULL,'2026-01-01 23:27:33',NULL,NULL),(1285,35,312,1099,NULL,'2026-01-01 23:27:33',NULL,NULL),(1286,35,313,1108,NULL,'2026-01-01 23:27:33',NULL,NULL),(1287,35,314,1113,NULL,'2026-01-01 23:27:33',NULL,NULL),(1304,36,79,341,NULL,'2026-01-03 11:58:00',NULL,NULL),(1305,36,80,354,NULL,'2026-01-03 11:58:00',NULL,NULL),(1306,36,81,357,NULL,'2026-01-03 11:58:00',NULL,NULL),(1307,36,82,364,2,'2026-01-03 11:58:00',NULL,NULL),(1308,36,83,369,2,'2026-01-03 11:58:00',NULL,NULL),(1309,36,84,373,1,'2026-01-03 11:58:00',NULL,NULL),(1310,36,85,378,1,'2026-01-03 11:58:00',NULL,NULL),(1311,36,86,383,NULL,'2026-01-03 11:58:00',NULL,NULL),(1312,36,87,385,NULL,'2026-01-03 11:58:00',NULL,NULL),(1313,36,88,391,NULL,'2026-01-03 11:58:00',NULL,NULL),(1314,36,89,396,NULL,'2026-01-03 11:58:00',NULL,NULL),(1315,36,90,399,NULL,'2026-01-03 11:58:00',NULL,NULL),(1316,36,91,405,NULL,'2026-01-03 11:58:00',NULL,NULL),(1317,36,92,NULL,2,'2026-01-03 11:58:00',NULL,NULL),(1318,36,93,408,NULL,'2026-01-03 11:58:00',NULL,NULL),(1319,36,94,NULL,NULL,'2026-01-03 11:58:00',NULL,'a'),(1320,36,299,1042,NULL,'2026-01-03 11:58:48',NULL,NULL),(1321,36,300,NULL,NULL,'2026-01-03 11:58:48',NULL,'2002-03-01'),(1322,36,301,1045,NULL,'2026-01-03 11:58:48',NULL,NULL),(1323,36,303,1057,NULL,'2026-01-03 11:58:48',NULL,NULL),(1324,36,304,1063,NULL,'2026-01-03 11:58:48',NULL,NULL),(1325,36,305,1065,NULL,'2026-01-03 11:58:48',NULL,NULL),(1326,36,306,1069,NULL,'2026-01-03 11:58:48',NULL,NULL),(1327,36,306,1067,NULL,'2026-01-03 11:58:48',NULL,NULL),(1328,36,307,1084,NULL,'2026-01-03 11:58:48',NULL,NULL),(1329,36,308,1089,NULL,'2026-01-03 11:58:48',NULL,NULL),(1330,36,309,1093,NULL,'2026-01-03 11:58:48',NULL,NULL),(1331,36,310,1094,NULL,'2026-01-03 11:58:48',NULL,NULL),(1332,36,311,1096,NULL,'2026-01-03 11:58:48',NULL,NULL),(1333,36,312,1099,NULL,'2026-01-03 11:58:48',NULL,NULL),(1334,36,313,1108,NULL,'2026-01-03 11:58:48',NULL,NULL),(1335,36,314,1113,NULL,'2026-01-03 11:58:48',NULL,NULL),(1353,37,79,341,NULL,'2026-01-03 18:18:16',NULL,NULL),(1354,37,80,356,NULL,'2026-01-03 18:18:16',NULL,NULL),(1355,37,81,358,NULL,'2026-01-03 18:18:16',NULL,NULL),(1356,37,82,366,4,'2026-01-03 18:18:16',NULL,NULL),(1357,37,83,372,5,'2026-01-03 18:18:16',NULL,NULL),(1358,37,84,373,1,'2026-01-03 18:18:16',NULL,NULL),(1359,37,85,379,2,'2026-01-03 18:18:16',NULL,NULL),(1360,37,86,383,NULL,'2026-01-03 18:18:16',NULL,NULL),(1361,37,87,387,NULL,'2026-01-03 18:18:16',NULL,NULL),(1362,37,88,392,NULL,'2026-01-03 18:18:16',NULL,NULL),(1363,37,89,396,NULL,'2026-01-03 18:18:16',NULL,NULL),(1364,37,90,401,NULL,'2026-01-03 18:18:16',NULL,NULL),(1365,37,91,405,NULL,'2026-01-03 18:18:16',NULL,NULL),(1366,37,92,NULL,23,'2026-01-03 18:18:16',NULL,NULL),(1367,37,93,408,NULL,'2026-01-03 18:18:16',NULL,NULL),(1368,37,94,NULL,NULL,'2026-01-03 18:18:16',NULL,'soy petyer'),(1369,37,299,1042,NULL,'2026-01-03 18:20:12',NULL,NULL),(1370,37,300,NULL,NULL,'2026-01-03 18:20:12',NULL,'3225-06-01'),(1371,37,301,1045,NULL,'2026-01-03 18:20:12',NULL,NULL),(1372,37,303,1058,NULL,'2026-01-03 18:20:12',NULL,NULL),(1373,37,304,1063,NULL,'2026-01-03 18:20:12',NULL,NULL),(1374,37,305,1065,NULL,'2026-01-03 18:20:12',NULL,NULL),(1375,37,306,1068,NULL,'2026-01-03 18:20:12',NULL,NULL),(1376,37,307,1084,NULL,'2026-01-03 18:20:12',NULL,NULL),(1377,37,308,1087,NULL,'2026-01-03 18:20:12',NULL,NULL),(1378,37,309,1092,NULL,'2026-01-03 18:20:12',NULL,NULL),(1379,37,310,1095,NULL,'2026-01-03 18:20:12',NULL,NULL),(1380,37,311,1096,NULL,'2026-01-03 18:20:12',NULL,NULL),(1381,37,312,1099,NULL,'2026-01-03 18:20:12',NULL,NULL),(1382,37,312,1105,NULL,'2026-01-03 18:20:12',NULL,NULL),(1383,37,313,1110,NULL,'2026-01-03 18:20:12',NULL,NULL),(1384,37,314,1113,NULL,'2026-01-03 18:20:12',NULL,NULL),(1385,37,314,1114,NULL,'2026-01-03 18:20:12',NULL,NULL),(1403,38,79,341,NULL,'2026-01-03 18:45:55',NULL,NULL),(1404,38,80,354,NULL,'2026-01-03 18:45:55',NULL,NULL),(1405,38,81,357,NULL,'2026-01-03 18:45:55',NULL,NULL),(1406,38,82,365,3,'2026-01-03 18:45:55',NULL,NULL),(1407,38,83,369,2,'2026-01-03 18:45:55',NULL,NULL),(1408,38,84,374,2,'2026-01-03 18:45:55',NULL,NULL),(1409,38,85,379,2,'2026-01-03 18:45:55',NULL,NULL),(1410,38,86,383,NULL,'2026-01-03 18:45:55',NULL,NULL),(1411,38,87,385,NULL,'2026-01-03 18:45:55',NULL,NULL),(1412,38,88,391,NULL,'2026-01-03 18:45:55',NULL,NULL),(1413,38,89,397,NULL,'2026-01-03 18:45:55',NULL,NULL),(1414,38,90,403,NULL,'2026-01-03 18:45:55',NULL,NULL),(1415,38,91,407,NULL,'2026-01-03 18:45:55',NULL,NULL),(1416,38,92,NULL,23,'2026-01-03 18:45:55',NULL,NULL),(1417,38,93,410,NULL,'2026-01-03 18:45:55',NULL,NULL),(1418,38,94,NULL,NULL,'2026-01-03 18:45:55',NULL,'hola'),(1419,38,299,1042,NULL,'2026-01-03 18:50:09',NULL,NULL),(1420,38,300,NULL,NULL,'2026-01-03 18:50:09',NULL,'2112-06-01'),(1421,38,301,1045,NULL,'2026-01-03 18:50:09',NULL,NULL),(1422,38,303,1058,NULL,'2026-01-03 18:50:09',NULL,NULL),(1423,38,304,1064,NULL,'2026-01-03 18:50:09',NULL,NULL),(1424,38,305,1066,NULL,'2026-01-03 18:50:09',NULL,NULL),(1425,38,306,1067,NULL,'2026-01-03 18:50:09',NULL,NULL),(1426,38,306,1069,NULL,'2026-01-03 18:50:09',NULL,NULL),(1427,38,307,1083,NULL,'2026-01-03 18:50:09',NULL,NULL),(1428,38,308,1087,NULL,'2026-01-03 18:50:09',NULL,NULL),(1429,38,309,1090,NULL,'2026-01-03 18:50:09',NULL,NULL),(1430,38,310,1094,NULL,'2026-01-03 18:50:09',NULL,NULL),(1431,38,311,1097,NULL,'2026-01-03 18:50:09',NULL,NULL),(1432,38,312,1099,NULL,'2026-01-03 18:50:09',NULL,NULL),(1433,38,312,1102,NULL,'2026-01-03 18:50:09',NULL,NULL),(1434,38,313,1110,NULL,'2026-01-03 18:50:09',NULL,NULL),(1435,38,314,1112,NULL,'2026-01-03 18:50:09',NULL,NULL);
/*!40000 ALTER TABLE `user_answers` ENABLE KEYS */;
UNLOCK TABLES;

--
-- Table structure for table `user_psychologist`
--

DROP TABLE IF EXISTS `user_psychologist`;
/*!40101 SET @saved_cs_client     = @@character_set_client */;
/*!50503 SET character_set_client = utf8mb4 */;
CREATE TABLE `user_psychologist` (
  `user_id` bigint NOT NULL,
  `psychologist_id` bigint NOT NULL,
  `assigned_at` timestamp NULL DEFAULT CURRENT_TIMESTAMP,
  PRIMARY KEY (`user_id`),
  KEY `psychologist_id` (`psychologist_id`),
  CONSTRAINT `user_psychologist_ibfk_1` FOREIGN KEY (`user_id`) REFERENCES `users` (`id`) ON DELETE CASCADE,
  CONSTRAINT `user_psychologist_ibfk_2` FOREIGN KEY (`psychologist_id`) REFERENCES `users` (`id`) ON DELETE RESTRICT
) ENGINE=InnoDB DEFAULT CHARSET=utf8mb4 COLLATE=utf8mb4_unicode_ci;
/*!40101 SET character_set_client = @saved_cs_client */;

--
-- Dumping data for table `user_psychologist`
--

LOCK TABLES `user_psychologist` WRITE;
/*!40000 ALTER TABLE `user_psychologist` DISABLE KEYS */;
INSERT INTO `user_psychologist` VALUES (1,4,'2025-11-05 21:55:44'),(9,8,'2025-11-05 21:42:38'),(10,8,'2025-11-07 11:26:22'),(12,4,'2025-11-09 11:48:59'),(13,8,'2025-11-11 11:05:41'),(14,8,'2025-11-12 15:27:03'),(15,8,'2025-11-14 13:01:31'),(16,4,'2025-11-19 22:15:25'),(17,8,'2025-11-18 10:08:14'),(20,8,'2025-12-01 21:13:47'),(21,8,'2025-12-01 21:45:23'),(24,8,'2025-12-26 12:56:43'),(26,8,'2025-12-28 20:44:05'),(36,27,'2026-01-03 13:11:54'),(37,27,'2026-01-03 19:20:42'),(38,30,'2026-01-03 19:54:05');
/*!40000 ALTER TABLE `user_psychologist` ENABLE KEYS */;
UNLOCK TABLES;

--
-- Table structure for table `users`
--

DROP TABLE IF EXISTS `users`;
/*!40101 SET @saved_cs_client     = @@character_set_client */;
/*!50503 SET character_set_client = utf8mb4 */;
CREATE TABLE `users` (
  `id` bigint NOT NULL AUTO_INCREMENT,
  `name` varchar(100) COLLATE utf8mb4_unicode_ci NOT NULL,
  `email` varchar(255) COLLATE utf8mb4_unicode_ci NOT NULL,
  `password_hash` varchar(255) COLLATE utf8mb4_unicode_ci NOT NULL,
  `gender` varchar(20) COLLATE utf8mb4_unicode_ci DEFAULT NULL,
  `age` int DEFAULT NULL,
  `created_at` timestamp NULL DEFAULT CURRENT_TIMESTAMP,
  `role` varchar(20) COLLATE utf8mb4_unicode_ci DEFAULT 'USER',
  `avatar_url` varchar(500) COLLATE utf8mb4_unicode_ci DEFAULT NULL,
  `dark_mode` tinyint(1) DEFAULT '0',
  `email_verified` tinyint(1) DEFAULT '0',
  `verification_token` varchar(255) COLLATE utf8mb4_unicode_ci DEFAULT NULL,
  `verification_token_expires_at` timestamp NULL DEFAULT NULL,
  `password_reset_token` varchar(255) COLLATE utf8mb4_unicode_ci DEFAULT NULL,
  `password_reset_token_expires_at` timestamp NULL DEFAULT NULL,
  PRIMARY KEY (`id`),
  UNIQUE KEY `email` (`email`),
  KEY `idx_verification_token` (`verification_token`),
  KEY `idx_password_reset_token` (`password_reset_token`)
) ENGINE=InnoDB AUTO_INCREMENT=39 DEFAULT CHARSET=utf8mb4 COLLATE=utf8mb4_unicode_ci;
/*!40101 SET character_set_client = @saved_cs_client */;

--
-- Dumping data for table `users`
--

LOCK TABLES `users` WRITE;
/*!40000 ALTER TABLE `users` DISABLE KEYS */;
INSERT INTO `users` VALUES (1,'Ana','ana@example.com','$2a$10$rrqiaylmgl7/E.nESrkB3OKLtpcpHcFyG2Ppsqs1gkWH9w26LRNLW',NULL,NULL,'2025-10-28 11:54:14','USER',NULL,0,0,NULL,NULL,NULL,NULL),(2,'David','davvigar@gmail.com','$2a$10$JcIeRFFiIL4.twYy/c8ZVuA4LH609KpdN1FFstMpsol7.9vTmMpie',NULL,NULL,'2025-10-28 12:51:15','ADMIN',NULL,0,0,NULL,NULL,'6297b065-eef3-4cfb-8aad-8483f11d87f8','2025-12-29 11:55:00'),(3,'hola','prueba@prueba','$2a$10$LdcX9KbjxtGhqBZNo349OOD.4qw5l5TJNkPF9Yf.llT8URiq0I6ay',NULL,NULL,'2025-10-28 12:56:14','USER',NULL,0,0,NULL,NULL,NULL,NULL),(4,'Pedro ','pedro@pedro.com','$2a$10$7deSsSiiDt0eJb.tMc0RHOqY1rSgD5Ol4Fhxg/Enh6pXiQx2.nzUC',NULL,NULL,'2025-11-04 12:10:09','PSYCHOLOGIST',NULL,0,0,NULL,NULL,NULL,NULL),(5,'hola','hola@ghola.com','$2a$10$Yp2c4Uz3tqWR9eGB5jti2ODmIgpqiM6IGqYHpZB2ZuHFYCkvK3f6W',NULL,NULL,'2025-11-04 12:30:12','USER',NULL,0,0,NULL,NULL,NULL,NULL),(6,'David Vigara Noguera','davvigara@gmail.com','$2a$10$BNFYeIbVn/arPhd4U1U1nOvl4m5u1Q9twKUnNl7WWXotKeg3YIUgK',NULL,NULL,'2025-11-04 15:15:27','USER',NULL,0,0,NULL,NULL,NULL,NULL),(7,'Marc jucadella','davvigacgvfcvfgr@gmail.com','$2a$10$.4mZMuHAxokzOhHIxa6sguMyxNjH0VwlqlCYl5JxH6XMZtyml7CWq',NULL,NULL,'2025-11-04 15:24:34','USER',NULL,0,0,NULL,NULL,NULL,NULL),(8,'prueba','prueba@gmail.com','$2a$10$oOov6.V1wKtiPUqyTsFksu9gzjktLp8hku.TNnL15ERHQlD/YS88.','null',NULL,'2025-11-04 18:35:43','PSYCHOLOGIST','/uploads/avatars/4c937828-fcee-4f3a-b548-13278cf0ea7f.png',0,0,NULL,NULL,NULL,NULL),(9,'David vigara','prueba@prueba.com','$2a$10$jy97RJKwPQwo7cnVTtVAl.6pAtUbdRx.wNA2ylqm9rqMvkESIOAD2',NULL,NULL,'2025-11-04 18:36:50','USER',NULL,0,0,NULL,NULL,NULL,NULL),(10,'Alejandro quintanila gonzales','quintanilla@prueba.com','$2a$10$VbpKBvFyPnqm5XLMWxbRLumNdShvee5j9Ljumlc90YnB9YMjbet2G',NULL,NULL,'2025-11-07 10:23:59','USER',NULL,0,0,NULL,NULL,NULL,NULL),(11,'Peter Guerrero Fontana','peterwaarrior7@gmail.com','$2a$10$urErQbz2rCZuB2zXfECMBefgS7WUEG0waDtkY0Gm10ao9yNf7boq6',NULL,NULL,'2025-11-08 11:09:41','USER',NULL,0,0,NULL,NULL,NULL,NULL),(12,'marta Santa Maria','martasantamaria@gmail.com','$2a$10$cS18cR6JGznfVLAN3EtNRutYVbwa00bWgNSHO5CVoFfKJXRF0579C',NULL,NULL,'2025-11-09 10:48:01','USER',NULL,0,0,NULL,NULL,NULL,NULL),(13,'Chumete chume lomet','chumete@gmail.com','$2a$10$SG/gioZQjLmrXpwXrg9IxemXcHOO.3SmsCTlRbFM.lAbqhCaKI8Yy',NULL,NULL,'2025-11-11 10:04:11','USER',NULL,0,0,NULL,NULL,NULL,NULL),(14,'Claro fontana guereroer','clara@gmail.com','$2a$10$FrXcp1jRTYOf0CYn1n6XSOaOIzb/cTjyefl/hIFMuSVw2TfcLGGj2',NULL,NULL,'2025-11-12 14:26:16','USER',NULL,0,0,NULL,NULL,NULL,NULL),(15,'Nuria laiz gadea','nuria@gmail.com','$2a$10$T8WeHEh.uUZFm3XvEcQPJ.vXUoPVNcpORciFq8mNrWLRRvJARWgiW',NULL,NULL,'2025-11-14 12:00:54','USER','/uploads/avatars/81b5654f-373a-4622-852b-46c427879548.jpeg',0,0,NULL,NULL,NULL,NULL),(16,'lorenzo','lololo@gmail.com','$2a$10$zk1Txup4zhp1lTXxrh7qP.VaPEVUuzpI.xP1nJ0T7IcgNoibzdGbO',NULL,NULL,'2025-11-14 12:21:08','USER',NULL,0,0,NULL,NULL,NULL,NULL),(17,'Montserrat Noguera Hernandez','montse@gmail.com','$2a$10$LUun81CzOkiIy0E.iH7GcuLNWMNt5oJJNMbkwKO4hPSK/ow9wfiES',NULL,NULL,'2025-11-18 09:07:31','USER',NULL,0,0,NULL,NULL,NULL,NULL),(18,'Sergio Aguilar','sergio@prueba.com','$2a$10$JeBh.VegDSTgOKFWNljhjOc.QQd8n/GD79XgSdmoOut93r9AR0JOq',NULL,NULL,'2025-11-24 11:59:11','USER',NULL,0,0,NULL,NULL,NULL,NULL),(19,'pepe botella','pepe@gmail.com','$2a$10$jhBJEYnj72WA5cuE/1s9qOWiW3oQn7A9ZARzt5pc13fAHYw8p6W/2',NULL,NULL,'2025-11-24 12:11:43','USER',NULL,0,0,NULL,NULL,NULL,NULL),(20,'marina','marina@gmail.com','$2a$10$AOrS7mpoLxXP//3AOIgwZewXHKFMkwx34YToHuA22PmHOVjPE3Jga',NULL,NULL,'2025-12-01 20:12:25','USER',NULL,0,0,NULL,NULL,NULL,NULL),(21,'marc 2 ','marc2@prueba.com','$2a$10$Fv9ehW3M2jiYlOej4xX4lOdxn/a4/XkFT3npzMC8C0soaoJf57Jkq',NULL,NULL,'2025-12-01 20:44:41','USER',NULL,0,0,NULL,NULL,NULL,NULL),(22,'David Vigara','davidvigara@colegiokolbe.com','$2a$10$JncAQOsjI.YETxSeKZ7QwuV3IQ3rFhSqKXFKWEK5gOp5eWXHIeTIC',NULL,NULL,'2025-12-10 18:30:46','USER',NULL,0,0,'d48b3617-e899-41a6-aeee-7a9aee870cbd','2025-12-11 18:30:46',NULL,NULL),(23,'david vigara','davvigarsefrsf@gmail.com','$2a$10$cwqBUleIuPGMpkLATFFVguQHTDEJs8x2rZ0RzOakSrNK7wGQwOkGS',NULL,NULL,'2025-12-10 18:54:54','PSYCHOLOGIST',NULL,0,0,'b0fbb117-ba8e-44f2-8d7f-1f3605a5dfe1','2025-12-11 18:54:54',NULL,NULL),(24,'jaime portela portal','jaime@gmail.com','$2a$10$a/u2SYO.ZLnMgFQ6klmi6.4qeFGJuXN71LaprvhkzDxuh/gWdpnl.',NULL,NULL,'2025-12-26 11:56:11','USER',NULL,0,0,'b538deee-f3a4-4df7-a4db-9bfe7866bcc8','2025-12-27 11:56:11',NULL,NULL),(25,'pedro sancuezz','davidvigara27@gmail.com','$2a$10$q4WFfdp/217XokbLLvUPT.DiqQCul9BfV0d2QCRzlRXePwTYfFrRa',NULL,NULL,'2025-12-28 18:07:56','USER',NULL,0,0,'5a6a8744-8616-4086-9d58-4fd6a3e5e9ca','2025-12-29 18:07:56',NULL,NULL),(26,'prueba definuitiva','test@gmail.com','$2a$10$wm9/wJh7hqPbN5q.6QqSrenQrt4f0a/s0K.ZB3ws.E.2LnR2tCB42',NULL,NULL,'2025-12-28 18:20:25','USER',NULL,0,0,'13df6e6d-c38e-47c0-a7e7-4a26e194e23a','2025-12-29 18:20:26',NULL,NULL),(27,'Ana García López','ana.garcia@test.com','$2a$10$rK8Kx5Zx5Zx5Zx5Zx5Zx5Ou5Zx5Zx5Zx5Zx5Zx5Zx5Zx5Zx5Zx5Zx5Zx5Z','Mujer',35,'2025-12-28 21:18:05','PSYCHOLOGIST',NULL,0,1,NULL,NULL,NULL,NULL),(28,'Carlos Martínez Ruiz','carlos.martinez@test.com','$2a$10$rK8Kx5Zx5Zx5Zx5Zx5Zx5Ou5Zx5Zx5Zx5Zx5Zx5Zx5Zx5Zx5Zx5Zx5Zx5Z','Hombre',42,'2025-12-28 21:18:05','PSYCHOLOGIST',NULL,0,1,NULL,NULL,NULL,NULL),(29,'Laura Fernández Sánchez','laura.fernandez@test.com','$2a$10$rK8Kx5Zx5Zx5Zx5Zx5Zx5Ou5Zx5Zx5Zx5Zx5Zx5Zx5Zx5Zx5Zx5Zx5Zx5Z','Mujer',29,'2025-12-28 21:18:05','PSYCHOLOGIST',NULL,0,1,NULL,NULL,NULL,NULL),(30,'Miguel Torres González','miguel.torres@test.com','$2a$10$rK8Kx5Zx5Zx5Zx5Zx5Zx5Ou5Zx5Zx5Zx5Zx5Zx5Zx5Zx5Zx5Zx5Zx5Zx5Z','Hombre',38,'2025-12-28 21:18:05','PSYCHOLOGIST',NULL,0,1,NULL,NULL,NULL,NULL),(31,'Sofía Ramírez Vázquez','sofia.ramirez@test.com','$2a$10$rK8Kx5Zx5Zx5Zx5Zx5Zx5Ou5Zx5Zx5Zx5Zx5Zx5Zx5Zx5Zx5Zx5Zx5Zx5Z','Mujer',31,'2025-12-28 21:18:05','PSYCHOLOGIST',NULL,0,1,NULL,NULL,NULL,NULL),(32,'David López Moreno','david.lopez@test.com','$2a$10$rK8Kx5Zx5Zx5Zx5Zx5Zx5Ou5Zx5Zx5Zx5Zx5Zx5Zx5Zx5Zx5Zx5Zx5Zx5Z','Hombre',45,'2025-12-28 21:18:05','PSYCHOLOGIST',NULL,0,1,NULL,NULL,NULL,NULL),(33,'uno dos tres','123@gmail.com','$2a$10$QlHvx9Ws//Kw9thOu1D44uHp4fklHpXzyqwDYrJfiMIoDA4kw1JEG',NULL,NULL,'2025-12-28 20:19:16','USER',NULL,0,0,'18cb7e70-cc69-4b82-a6ed-9299509454bc','2025-12-29 20:19:16',NULL,NULL),(34,'Lucas Vilela vilela','vilela@gmail.com','$2a$10$xGFlwgzjQsrxBazwo5cdZO3SV8XbHGsVlIPxZCUIdmyzv314pbxJ2',NULL,NULL,'2025-12-29 11:35:00','USER',NULL,0,0,'900b9fe6-780c-420f-956d-468ac418cc76','2025-12-30 11:35:00',NULL,NULL),(35,'Juan Jesus','juanjesus@gmail.com','$2a$10$n/Cl4o/h6bA.ctg1Dgbv5.LbYntUhH68IA.osFIqtqTRexbgaP6D.',NULL,NULL,'2026-01-01 23:26:32','USER',NULL,0,0,'33373026-4c9e-44aa-9bea-06d3aac3b04d','2026-01-02 23:26:32',NULL,NULL),(36,'pedro gomez','algoaglo@gmail.com','$2a$10$iYTMZ83SC32r9DUxSiw/Xeo6nhPekLClOu4tdcxdHkT6T3VJD88ee',NULL,NULL,'2026-01-03 11:58:00','USER',NULL,0,0,'1a572b22-843e-4bd9-bb29-66f78e6b3f56','2026-01-04 11:58:00',NULL,NULL),(37,'Peter guerrero ','peter@gmail.com','$2a$10$0oXIff0gA6ztbsX/hgQb1.d3Tb0yrrKNoNzQdkXqItwS5dxGy0YBC',NULL,NULL,'2026-01-03 18:18:16','USER',NULL,0,0,'a6f2e1d0-3b85-4b16-b4d1-1d6d85b22bd4','2026-01-04 18:18:16',NULL,NULL),(38,'prueba2232','prueba2232@gmail.com','$2a$10$EVii8MC2t5i6GmuXWxEPkevJfJxDajvXrX982U5EWpwtnHvXaJwYa',NULL,NULL,'2026-01-03 18:45:54','USER',NULL,0,0,'07e5143d-e453-4aa1-ae3c-22e6682eb5ba','2026-01-04 18:45:55',NULL,NULL);
/*!40000 ALTER TABLE `users` ENABLE KEYS */;
UNLOCK TABLES;
/*!40103 SET TIME_ZONE=@OLD_TIME_ZONE */;

/*!40101 SET SQL_MODE=@OLD_SQL_MODE */;
/*!40014 SET FOREIGN_KEY_CHECKS=@OLD_FOREIGN_KEY_CHECKS */;
/*!40014 SET UNIQUE_CHECKS=@OLD_UNIQUE_CHECKS */;
/*!40101 SET CHARACTER_SET_CLIENT=@OLD_CHARACTER_SET_CLIENT */;
/*!40101 SET CHARACTER_SET_RESULTS=@OLD_CHARACTER_SET_RESULTS */;
/*!40101 SET COLLATION_CONNECTION=@OLD_COLLATION_CONNECTION */;
/*!40111 SET SQL_NOTES=@OLD_SQL_NOTES */;

-- Dump completed on 2026-01-06 21:03:35
